,Epoch,Trainset Top1 Error,Testset Top1 Error,Trainset Top5 Error,Testset Top5 Error,Trainset Loss,Testset Loss,Trainset Accuracy,Testset Accuracy,Trainset Classwise Accuracy,Testset Classwise Accuracy
0,1,89.186,83.45,69.196,59.160000000000004,6139.729823350906,1115.098462820053,10.814,16.55,"{'apple': 24.2, 'aquarium_fish': 11.799999999999999, 'baby': 8.6, 'bear': 1.6, 'beaver': 1.2, 'bed': 2.8000000000000003, 'bee': 2.4, 'beetle': 2.8000000000000003, 'bicycle': 1.4000000000000001, 'bottle': 3.2, 'bowl': 0.0, 'boy': 0.6, 'bridge': 3.8, 'bus': 4.6, 'butterfly': 10.2, 'camel': 3.0, 'can': 5.0, 'castle': 15.4, 'caterpillar': 17.599999999999998, 'cattle': 0.4, 'chair': 34.599999999999994, 'chimpanzee': 22.2, 'clock': 0.8, 'cloud': 33.6, 'cockroach': 26.0, 'couch': 1.0, 'crab': 1.4000000000000001, 'crocodile': 12.0, 'cup': 3.2, 'dinosaur': 3.5999999999999996, 'dolphin': 22.0, 'elephant': 4.0, 'flatfish': 0.0, 'forest': 16.6, 'fox': 3.8, 'girl': 1.6, 'hamster': 17.599999999999998, 'house': 7.000000000000001, 'kangaroo': 5.2, 'keyboard': 1.6, 'lamp': 1.4000000000000001, 'lawn_mower': 29.799999999999997, 'leopard': 14.799999999999999, 'lion': 20.0, 'lizard': 0.6, 'lobster': 3.2, 'man': 2.1999999999999997, 'maple_tree': 11.0, 'motorcycle': 9.2, 'mountain': 20.200000000000003, 'mouse': 1.0, 'mushroom': 3.8, 'oak_tree': 46.2, 'orange': 51.2, 'orchid': 26.8, 'otter': 0.6, 'palm_tree': 4.0, 'pear': 12.4, 'pickup_truck': 4.8, 'pine_tree': 4.3999999999999995, 'plain': 34.2, 'plate': 17.4, 'poppy': 29.4, 'porcupine': 8.799999999999999, 'possum': 3.4000000000000004, 'rabbit': 0.4, 'raccoon': 2.1999999999999997, 'ray': 18.2, 'road': 20.599999999999998, 'rocket': 7.199999999999999, 'rose': 17.4, 'sea': 33.800000000000004, 'seal': 0.4, 'shark': 27.400000000000002, 'shrew': 3.2, 'skunk': 15.2, 'skyscraper': 14.000000000000002, 'snail': 0.4, 'snake': 4.2, 'spider': 3.0, 'squirrel': 4.2, 'streetcar': 2.1999999999999997, 'sunflower': 51.4, 'sweet_pepper': 8.799999999999999, 'table': 1.0, 'tank': 7.3999999999999995, 'telephone': 19.2, 'television': 2.8000000000000003, 'tiger': 5.2, 'tractor': 4.0, 'train': 4.2, 'trout': 1.6, 'tulip': 11.799999999999999, 'turtle': 2.6, 'wardrobe': 25.2, 'whale': 18.2, 'willow_tree': 24.0, 'wolf': 12.0, 'woman': 8.200000000000001, 'worm': 0.6}","{'apple': 44.0, 'aquarium_fish': 28.000000000000004, 'baby': 23.0, 'bear': 1.0, 'beaver': 2.0, 'bed': 19.0, 'bee': 4.0, 'beetle': 5.0, 'bicycle': 0.0, 'bottle': 20.0, 'bowl': 0.0, 'boy': 0.0, 'bridge': 12.0, 'bus': 16.0, 'butterfly': 8.0, 'camel': 3.0, 'can': 7.000000000000001, 'castle': 4.0, 'caterpillar': 42.0, 'cattle': 1.0, 'chair': 46.0, 'chimpanzee': 42.0, 'clock': 0.0, 'cloud': 55.00000000000001, 'cockroach': 31.0, 'couch': 4.0, 'crab': 3.0, 'crocodile': 14.000000000000002, 'cup': 9.0, 'dinosaur': 4.0, 'dolphin': 28.000000000000004, 'elephant': 8.0, 'flatfish': 2.0, 'forest': 18.0, 'fox': 0.0, 'girl': 9.0, 'hamster': 11.0, 'house': 0.0, 'kangaroo': 10.0, 'keyboard': 3.0, 'lamp': 1.0, 'lawn_mower': 44.0, 'leopard': 16.0, 'lion': 28.000000000000004, 'lizard': 1.0, 'lobster': 2.0, 'man': 11.0, 'maple_tree': 25.0, 'motorcycle': 20.0, 'mountain': 28.000000000000004, 'mouse': 0.0, 'mushroom': 18.0, 'oak_tree': 62.0, 'orange': 47.0, 'orchid': 21.0, 'otter': 1.0, 'palm_tree': 11.0, 'pear': 21.0, 'pickup_truck': 2.0, 'pine_tree': 9.0, 'plain': 59.0, 'plate': 22.0, 'poppy': 39.0, 'porcupine': 18.0, 'possum': 11.0, 'rabbit': 0.0, 'raccoon': 16.0, 'ray': 24.0, 'road': 51.0, 'rocket': 13.0, 'rose': 53.0, 'sea': 40.0, 'seal': 1.0, 'shark': 14.000000000000002, 'shrew': 0.0, 'skunk': 34.0, 'skyscraper': 34.0, 'snail': 0.0, 'snake': 13.0, 'spider': 9.0, 'squirrel': 2.0, 'streetcar': 11.0, 'sunflower': 59.0, 'sweet_pepper': 2.0, 'table': 4.0, 'tank': 31.0, 'telephone': 34.0, 'television': 14.000000000000002, 'tiger': 10.0, 'tractor': 12.0, 'train': 7.000000000000001, 'trout': 6.0, 'tulip': 2.0, 'turtle': 10.0, 'wardrobe': 37.0, 'whale': 31.0, 'willow_tree': 9.0, 'wolf': 13.0, 'woman': 1.0, 'worm': 5.0}"
1,2,79.976,76.99,53.339999999999996,48.69,5245.457099676132,998.7403469085693,20.024,23.01,"{'apple': 39.6, 'aquarium_fish': 23.799999999999997, 'baby': 17.8, 'bear': 3.8, 'beaver': 8.4, 'bed': 13.0, 'bee': 9.6, 'beetle': 14.2, 'bicycle': 13.600000000000001, 'bottle': 26.200000000000003, 'bowl': 0.6, 'boy': 4.0, 'bridge': 20.0, 'bus': 22.8, 'butterfly': 20.0, 'camel': 12.2, 'can': 15.0, 'castle': 34.599999999999994, 'caterpillar': 24.0, 'cattle': 4.8, 'chair': 39.4, 'chimpanzee': 41.0, 'clock': 1.4000000000000001, 'cloud': 47.599999999999994, 'cockroach': 43.4, 'couch': 6.4, 'crab': 1.4000000000000001, 'crocodile': 12.8, 'cup': 13.200000000000001, 'dinosaur': 11.200000000000001, 'dolphin': 26.200000000000003, 'elephant': 7.199999999999999, 'flatfish': 2.4, 'forest': 22.6, 'fox': 3.5999999999999996, 'girl': 6.4, 'hamster': 25.4, 'house': 14.799999999999999, 'kangaroo': 15.0, 'keyboard': 6.800000000000001, 'lamp': 4.0, 'lawn_mower': 48.0, 'leopard': 16.2, 'lion': 26.200000000000003, 'lizard': 2.0, 'lobster': 7.199999999999999, 'man': 7.000000000000001, 'maple_tree': 28.4, 'motorcycle': 36.8, 'mountain': 32.800000000000004, 'mouse': 0.4, 'mushroom': 8.200000000000001, 'oak_tree': 59.8, 'orange': 62.6, 'orchid': 38.2, 'otter': 1.7999999999999998, 'palm_tree': 24.2, 'pear': 21.8, 'pickup_truck': 23.200000000000003, 'pine_tree': 12.2, 'plain': 58.4, 'plate': 29.4, 'poppy': 38.0, 'porcupine': 17.0, 'possum': 6.4, 'rabbit': 3.4000000000000004, 'raccoon': 7.8, 'ray': 34.2, 'road': 50.8, 'rocket': 21.8, 'rose': 25.4, 'sea': 38.6, 'seal': 1.6, 'shark': 31.4, 'shrew': 5.4, 'skunk': 42.4, 'skyscraper': 38.4, 'snail': 1.4000000000000001, 'snake': 7.000000000000001, 'spider': 5.0, 'squirrel': 5.800000000000001, 'streetcar': 9.8, 'sunflower': 61.199999999999996, 'sweet_pepper': 19.6, 'table': 2.4, 'tank': 20.4, 'telephone': 30.0, 'television': 11.600000000000001, 'tiger': 19.2, 'tractor': 19.0, 'train': 10.4, 'trout': 16.8, 'tulip': 16.400000000000002, 'turtle': 5.4, 'wardrobe': 43.6, 'whale': 41.4, 'willow_tree': 31.4, 'wolf': 20.8, 'woman': 12.8, 'worm': 3.4000000000000004}","{'apple': 52.0, 'aquarium_fish': 28.999999999999996, 'baby': 12.0, 'bear': 12.0, 'beaver': 10.0, 'bed': 18.0, 'bee': 27.0, 'beetle': 24.0, 'bicycle': 24.0, 'bottle': 38.0, 'bowl': 1.0, 'boy': 5.0, 'bridge': 11.0, 'bus': 32.0, 'butterfly': 17.0, 'camel': 10.0, 'can': 17.0, 'castle': 54.0, 'caterpillar': 14.000000000000002, 'cattle': 13.0, 'chair': 44.0, 'chimpanzee': 36.0, 'clock': 7.000000000000001, 'cloud': 59.0, 'cockroach': 50.0, 'couch': 6.0, 'crab': 5.0, 'crocodile': 17.0, 'cup': 15.0, 'dinosaur': 9.0, 'dolphin': 38.0, 'elephant': 5.0, 'flatfish': 8.0, 'forest': 33.0, 'fox': 9.0, 'girl': 30.0, 'hamster': 18.0, 'house': 11.0, 'kangaroo': 5.0, 'keyboard': 12.0, 'lamp': 10.0, 'lawn_mower': 48.0, 'leopard': 14.000000000000002, 'lion': 35.0, 'lizard': 0.0, 'lobster': 12.0, 'man': 2.0, 'maple_tree': 35.0, 'motorcycle': 42.0, 'mountain': 17.0, 'mouse': 0.0, 'mushroom': 18.0, 'oak_tree': 49.0, 'orange': 53.0, 'orchid': 41.0, 'otter': 1.0, 'palm_tree': 39.0, 'pear': 28.000000000000004, 'pickup_truck': 11.0, 'pine_tree': 2.0, 'plain': 61.0, 'plate': 27.0, 'poppy': 40.0, 'porcupine': 28.999999999999996, 'possum': 6.0, 'rabbit': 2.0, 'raccoon': 8.0, 'ray': 8.0, 'road': 59.0, 'rocket': 26.0, 'rose': 30.0, 'sea': 59.0, 'seal': 1.0, 'shark': 35.0, 'shrew': 0.0, 'skunk': 51.0, 'skyscraper': 59.0, 'snail': 0.0, 'snake': 6.0, 'spider': 17.0, 'squirrel': 13.0, 'streetcar': 14.000000000000002, 'sunflower': 68.0, 'sweet_pepper': 25.0, 'table': 11.0, 'tank': 38.0, 'telephone': 30.0, 'television': 23.0, 'tiger': 23.0, 'tractor': 41.0, 'train': 5.0, 'trout': 22.0, 'tulip': 16.0, 'turtle': 1.0, 'wardrobe': 60.0, 'whale': 37.0, 'willow_tree': 20.0, 'wolf': 27.0, 'woman': 5.0, 'worm': 4.0}"
2,3,73.054,71.17,43.576,41.02,4644.389665722847,900.6318261623383,26.945999999999998,28.83,"{'apple': 50.2, 'aquarium_fish': 33.6, 'baby': 22.2, 'bear': 7.000000000000001, 'beaver': 11.0, 'bed': 24.8, 'bee': 19.400000000000002, 'beetle': 20.4, 'bicycle': 28.000000000000004, 'bottle': 37.0, 'bowl': 2.4, 'boy': 9.0, 'bridge': 23.799999999999997, 'bus': 33.6, 'butterfly': 23.0, 'camel': 14.6, 'can': 21.0, 'castle': 48.8, 'caterpillar': 20.8, 'cattle': 16.2, 'chair': 50.0, 'chimpanzee': 47.4, 'clock': 6.0, 'cloud': 50.2, 'cockroach': 60.8, 'couch': 10.6, 'crab': 7.199999999999999, 'crocodile': 24.2, 'cup': 20.4, 'dinosaur': 16.0, 'dolphin': 32.4, 'elephant': 22.0, 'flatfish': 9.2, 'forest': 36.6, 'fox': 10.0, 'girl': 14.2, 'hamster': 33.6, 'house': 19.8, 'kangaroo': 16.6, 'keyboard': 13.8, 'lamp': 8.799999999999999, 'lawn_mower': 54.6, 'leopard': 24.8, 'lion': 34.4, 'lizard': 3.8, 'lobster': 16.2, 'man': 10.0, 'maple_tree': 38.800000000000004, 'motorcycle': 49.8, 'mountain': 38.6, 'mouse': 3.2, 'mushroom': 16.400000000000002, 'oak_tree': 63.4, 'orange': 65.8, 'orchid': 43.2, 'otter': 4.0, 'palm_tree': 35.8, 'pear': 28.599999999999998, 'pickup_truck': 34.8, 'pine_tree': 18.4, 'plain': 65.2, 'plate': 34.599999999999994, 'poppy': 41.199999999999996, 'porcupine': 22.8, 'possum': 10.6, 'rabbit': 7.3999999999999995, 'raccoon': 10.6, 'ray': 31.8, 'road': 66.4, 'rocket': 39.2, 'rose': 30.4, 'sea': 45.6, 'seal': 1.7999999999999998, 'shark': 35.8, 'shrew': 9.8, 'skunk': 54.800000000000004, 'skyscraper': 55.800000000000004, 'snail': 4.8, 'snake': 10.2, 'spider': 13.4, 'squirrel': 8.0, 'streetcar': 18.8, 'sunflower': 69.8, 'sweet_pepper': 26.200000000000003, 'table': 8.6, 'tank': 35.199999999999996, 'telephone': 32.4, 'television': 28.999999999999996, 'tiger': 26.0, 'tractor': 30.4, 'train': 16.0, 'trout': 30.4, 'tulip': 15.6, 'turtle': 11.4, 'wardrobe': 51.800000000000004, 'whale': 43.0, 'willow_tree': 35.8, 'wolf': 23.599999999999998, 'woman': 22.400000000000002, 'worm': 6.800000000000001}","{'apple': 57.99999999999999, 'aquarium_fish': 51.0, 'baby': 26.0, 'bear': 18.0, 'beaver': 11.0, 'bed': 27.0, 'bee': 40.0, 'beetle': 31.0, 'bicycle': 35.0, 'bottle': 36.0, 'bowl': 4.0, 'boy': 9.0, 'bridge': 32.0, 'bus': 26.0, 'butterfly': 17.0, 'camel': 22.0, 'can': 28.000000000000004, 'castle': 55.00000000000001, 'caterpillar': 14.000000000000002, 'cattle': 20.0, 'chair': 60.0, 'chimpanzee': 55.00000000000001, 'clock': 11.0, 'cloud': 62.0, 'cockroach': 51.0, 'couch': 6.0, 'crab': 16.0, 'crocodile': 33.0, 'cup': 24.0, 'dinosaur': 22.0, 'dolphin': 43.0, 'elephant': 14.000000000000002, 'flatfish': 18.0, 'forest': 40.0, 'fox': 22.0, 'girl': 3.0, 'hamster': 26.0, 'house': 27.0, 'kangaroo': 15.0, 'keyboard': 11.0, 'lamp': 6.0, 'lawn_mower': 62.0, 'leopard': 27.0, 'lion': 24.0, 'lizard': 9.0, 'lobster': 5.0, 'man': 14.000000000000002, 'maple_tree': 42.0, 'motorcycle': 50.0, 'mountain': 35.0, 'mouse': 2.0, 'mushroom': 32.0, 'oak_tree': 44.0, 'orange': 54.0, 'orchid': 40.0, 'otter': 1.0, 'palm_tree': 28.999999999999996, 'pear': 37.0, 'pickup_truck': 22.0, 'pine_tree': 22.0, 'plain': 66.0, 'plate': 30.0, 'poppy': 47.0, 'porcupine': 13.0, 'possum': 21.0, 'rabbit': 4.0, 'raccoon': 11.0, 'ray': 37.0, 'road': 56.99999999999999, 'rocket': 52.0, 'rose': 25.0, 'sea': 59.0, 'seal': 4.0, 'shark': 32.0, 'shrew': 9.0, 'skunk': 64.0, 'skyscraper': 53.0, 'snail': 10.0, 'snake': 13.0, 'spider': 9.0, 'squirrel': 3.0, 'streetcar': 27.0, 'sunflower': 71.0, 'sweet_pepper': 33.0, 'table': 9.0, 'tank': 36.0, 'telephone': 31.0, 'television': 46.0, 'tiger': 30.0, 'tractor': 37.0, 'train': 13.0, 'trout': 33.0, 'tulip': 28.000000000000004, 'turtle': 7.000000000000001, 'wardrobe': 69.0, 'whale': 45.0, 'willow_tree': 23.0, 'wolf': 18.0, 'woman': 18.0, 'worm': 14.000000000000002}"
3,4,66.646,66.97,35.934,36.35,4130.869266986847,830.6932044029236,33.354,33.03,"{'apple': 57.4, 'aquarium_fish': 41.6, 'baby': 26.0, 'bear': 14.6, 'beaver': 13.0, 'bed': 34.2, 'bee': 33.0, 'beetle': 30.0, 'bicycle': 36.4, 'bottle': 38.800000000000004, 'bowl': 8.0, 'boy': 13.0, 'bridge': 31.2, 'bus': 36.4, 'butterfly': 25.6, 'camel': 20.8, 'can': 31.8, 'castle': 56.599999999999994, 'caterpillar': 24.2, 'cattle': 27.0, 'chair': 53.2, 'chimpanzee': 54.800000000000004, 'clock': 15.4, 'cloud': 56.99999999999999, 'cockroach': 63.4, 'couch': 17.599999999999998, 'crab': 14.2, 'crocodile': 25.6, 'cup': 32.4, 'dinosaur': 29.799999999999997, 'dolphin': 37.8, 'elephant': 32.6, 'flatfish': 13.200000000000001, 'forest': 40.8, 'fox': 16.8, 'girl': 22.400000000000002, 'hamster': 39.6, 'house': 27.200000000000003, 'kangaroo': 19.400000000000002, 'keyboard': 28.799999999999997, 'lamp': 19.400000000000002, 'lawn_mower': 60.0, 'leopard': 28.599999999999998, 'lion': 38.0, 'lizard': 8.6, 'lobster': 19.6, 'man': 15.6, 'maple_tree': 43.8, 'motorcycle': 55.400000000000006, 'mountain': 44.2, 'mouse': 4.2, 'mushroom': 27.800000000000004, 'oak_tree': 63.0, 'orange': 67.0, 'orchid': 45.800000000000004, 'otter': 5.800000000000001, 'palm_tree': 49.2, 'pear': 35.199999999999996, 'pickup_truck': 41.199999999999996, 'pine_tree': 22.2, 'plain': 71.39999999999999, 'plate': 39.2, 'poppy': 45.2, 'porcupine': 30.2, 'possum': 12.0, 'rabbit': 11.200000000000001, 'raccoon': 20.0, 'ray': 34.0, 'road': 69.6, 'rocket': 51.2, 'rose': 37.4, 'sea': 51.6, 'seal': 6.4, 'shark': 39.6, 'shrew': 13.4, 'skunk': 66.2, 'skyscraper': 59.4, 'snail': 15.2, 'snake': 15.4, 'spider': 17.599999999999998, 'squirrel': 13.8, 'streetcar': 32.800000000000004, 'sunflower': 72.39999999999999, 'sweet_pepper': 39.2, 'table': 19.8, 'tank': 44.2, 'telephone': 40.6, 'television': 41.0, 'tiger': 31.6, 'tractor': 37.0, 'train': 24.0, 'trout': 41.8, 'tulip': 24.0, 'turtle': 15.6, 'wardrobe': 60.199999999999996, 'whale': 47.4, 'willow_tree': 37.8, 'wolf': 28.4, 'woman': 26.8, 'worm': 14.6}","{'apple': 64.0, 'aquarium_fish': 38.0, 'baby': 32.0, 'bear': 11.0, 'beaver': 10.0, 'bed': 32.0, 'bee': 44.0, 'beetle': 34.0, 'bicycle': 38.0, 'bottle': 37.0, 'bowl': 6.0, 'boy': 17.0, 'bridge': 51.0, 'bus': 25.0, 'butterfly': 26.0, 'camel': 7.000000000000001, 'can': 27.0, 'castle': 44.0, 'caterpillar': 10.0, 'cattle': 28.000000000000004, 'chair': 64.0, 'chimpanzee': 56.99999999999999, 'clock': 10.0, 'cloud': 50.0, 'cockroach': 40.0, 'couch': 8.0, 'crab': 22.0, 'crocodile': 28.000000000000004, 'cup': 40.0, 'dinosaur': 31.0, 'dolphin': 32.0, 'elephant': 30.0, 'flatfish': 19.0, 'forest': 48.0, 'fox': 27.0, 'girl': 38.0, 'hamster': 35.0, 'house': 30.0, 'kangaroo': 19.0, 'keyboard': 20.0, 'lamp': 19.0, 'lawn_mower': 57.99999999999999, 'leopard': 23.0, 'lion': 37.0, 'lizard': 10.0, 'lobster': 21.0, 'man': 15.0, 'maple_tree': 60.0, 'motorcycle': 63.0, 'mountain': 34.0, 'mouse': 3.0, 'mushroom': 26.0, 'oak_tree': 54.0, 'orange': 52.0, 'orchid': 45.0, 'otter': 0.0, 'palm_tree': 49.0, 'pear': 37.0, 'pickup_truck': 50.0, 'pine_tree': 24.0, 'plain': 65.0, 'plate': 42.0, 'poppy': 35.0, 'porcupine': 34.0, 'possum': 8.0, 'rabbit': 14.000000000000002, 'raccoon': 25.0, 'ray': 35.0, 'road': 76.0, 'rocket': 50.0, 'rose': 27.0, 'sea': 66.0, 'seal': 10.0, 'shark': 30.0, 'shrew': 14.000000000000002, 'skunk': 64.0, 'skyscraper': 76.0, 'snail': 9.0, 'snake': 19.0, 'spider': 19.0, 'squirrel': 12.0, 'streetcar': 30.0, 'sunflower': 81.0, 'sweet_pepper': 49.0, 'table': 18.0, 'tank': 43.0, 'telephone': 45.0, 'television': 56.99999999999999, 'tiger': 30.0, 'tractor': 35.0, 'train': 24.0, 'trout': 40.0, 'tulip': 21.0, 'turtle': 9.0, 'wardrobe': 69.0, 'whale': 41.0, 'willow_tree': 18.0, 'wolf': 26.0, 'woman': 8.0, 'worm': 20.0}"
4,5,60.424,62.55,28.910000000000004,31.779999999999998,3638.237483382225,763.7592272758484,39.576,37.45,"{'apple': 63.6, 'aquarium_fish': 52.0, 'baby': 32.2, 'bear': 17.8, 'beaver': 17.599999999999998, 'bed': 41.199999999999996, 'bee': 41.0, 'beetle': 35.4, 'bicycle': 46.0, 'bottle': 46.2, 'bowl': 16.2, 'boy': 20.0, 'bridge': 41.199999999999996, 'bus': 40.0, 'butterfly': 30.8, 'camel': 27.200000000000003, 'can': 36.6, 'castle': 61.0, 'caterpillar': 28.599999999999998, 'cattle': 32.0, 'chair': 68.2, 'chimpanzee': 57.199999999999996, 'clock': 24.4, 'cloud': 61.199999999999996, 'cockroach': 64.60000000000001, 'couch': 20.599999999999998, 'crab': 26.0, 'crocodile': 29.2, 'cup': 41.6, 'dinosaur': 35.199999999999996, 'dolphin': 42.8, 'elephant': 43.6, 'flatfish': 19.0, 'forest': 51.0, 'fox': 24.4, 'girl': 25.2, 'hamster': 43.2, 'house': 35.6, 'kangaroo': 23.0, 'keyboard': 38.2, 'lamp': 28.599999999999998, 'lawn_mower': 68.4, 'leopard': 34.8, 'lion': 43.6, 'lizard': 11.600000000000001, 'lobster': 28.4, 'man': 21.4, 'maple_tree': 45.2, 'motorcycle': 63.4, 'mountain': 50.6, 'mouse': 9.4, 'mushroom': 34.599999999999994, 'oak_tree': 66.0, 'orange': 72.0, 'orchid': 54.400000000000006, 'otter': 8.4, 'palm_tree': 56.00000000000001, 'pear': 44.6, 'pickup_truck': 51.6, 'pine_tree': 34.4, 'plain': 71.8, 'plate': 44.800000000000004, 'poppy': 53.0, 'porcupine': 40.0, 'possum': 20.200000000000003, 'rabbit': 16.2, 'raccoon': 27.200000000000003, 'ray': 36.4, 'road': 77.60000000000001, 'rocket': 56.599999999999994, 'rose': 42.8, 'sea': 60.0, 'seal': 10.8, 'shark': 40.400000000000006, 'shrew': 22.6, 'skunk': 70.6, 'skyscraper': 63.4, 'snail': 22.0, 'snake': 17.8, 'spider': 25.0, 'squirrel': 16.400000000000002, 'streetcar': 42.0, 'sunflower': 76.6, 'sweet_pepper': 42.0, 'table': 22.0, 'tank': 50.0, 'telephone': 45.2, 'television': 52.6, 'tiger': 42.0, 'tractor': 46.6, 'train': 26.8, 'trout': 50.2, 'tulip': 24.8, 'turtle': 20.4, 'wardrobe': 73.0, 'whale': 49.0, 'willow_tree': 40.8, 'wolf': 35.0, 'woman': 31.4, 'worm': 23.400000000000002}","{'apple': 75.0, 'aquarium_fish': 46.0, 'baby': 25.0, 'bear': 13.0, 'beaver': 14.000000000000002, 'bed': 27.0, 'bee': 50.0, 'beetle': 40.0, 'bicycle': 37.0, 'bottle': 36.0, 'bowl': 23.0, 'boy': 24.0, 'bridge': 46.0, 'bus': 41.0, 'butterfly': 17.0, 'camel': 14.000000000000002, 'can': 49.0, 'castle': 57.99999999999999, 'caterpillar': 39.0, 'cattle': 31.0, 'chair': 62.0, 'chimpanzee': 61.0, 'clock': 26.0, 'cloud': 63.0, 'cockroach': 56.00000000000001, 'couch': 20.0, 'crab': 28.999999999999996, 'crocodile': 24.0, 'cup': 51.0, 'dinosaur': 32.0, 'dolphin': 38.0, 'elephant': 34.0, 'flatfish': 28.000000000000004, 'forest': 28.000000000000004, 'fox': 26.0, 'girl': 23.0, 'hamster': 40.0, 'house': 32.0, 'kangaroo': 18.0, 'keyboard': 45.0, 'lamp': 24.0, 'lawn_mower': 64.0, 'leopard': 43.0, 'lion': 27.0, 'lizard': 6.0, 'lobster': 19.0, 'man': 16.0, 'maple_tree': 53.0, 'motorcycle': 64.0, 'mountain': 46.0, 'mouse': 5.0, 'mushroom': 26.0, 'oak_tree': 65.0, 'orange': 70.0, 'orchid': 41.0, 'otter': 8.0, 'palm_tree': 45.0, 'pear': 42.0, 'pickup_truck': 43.0, 'pine_tree': 28.000000000000004, 'plain': 72.0, 'plate': 36.0, 'poppy': 51.0, 'porcupine': 28.999999999999996, 'possum': 9.0, 'rabbit': 19.0, 'raccoon': 18.0, 'ray': 32.0, 'road': 79.0, 'rocket': 60.0, 'rose': 64.0, 'sea': 63.0, 'seal': 6.0, 'shark': 35.0, 'shrew': 22.0, 'skunk': 81.0, 'skyscraper': 68.0, 'snail': 25.0, 'snake': 19.0, 'spider': 43.0, 'squirrel': 14.000000000000002, 'streetcar': 38.0, 'sunflower': 72.0, 'sweet_pepper': 28.000000000000004, 'table': 31.0, 'tank': 50.0, 'telephone': 41.0, 'television': 65.0, 'tiger': 38.0, 'tractor': 45.0, 'train': 23.0, 'trout': 44.0, 'tulip': 20.0, 'turtle': 11.0, 'wardrobe': 76.0, 'whale': 44.0, 'willow_tree': 22.0, 'wolf': 37.0, 'woman': 14.000000000000002, 'worm': 25.0}"
5,6,53.455999999999996,60.68,22.553999999999995,29.710000000000004,3158.5158261060715,729.0962435007095,46.544000000000004,39.32,"{'apple': 70.6, 'aquarium_fish': 56.599999999999994, 'baby': 37.8, 'bear': 25.8, 'beaver': 26.8, 'bed': 51.6, 'bee': 52.0, 'beetle': 44.4, 'bicycle': 57.4, 'bottle': 51.6, 'bowl': 26.6, 'boy': 29.4, 'bridge': 46.0, 'bus': 48.8, 'butterfly': 37.4, 'camel': 38.6, 'can': 49.0, 'castle': 69.8, 'caterpillar': 36.6, 'cattle': 42.0, 'chair': 72.2, 'chimpanzee': 63.6, 'clock': 34.4, 'cloud': 61.0, 'cockroach': 69.0, 'couch': 25.0, 'crab': 35.6, 'crocodile': 35.6, 'cup': 54.2, 'dinosaur': 40.6, 'dolphin': 45.800000000000004, 'elephant': 53.6, 'flatfish': 30.599999999999998, 'forest': 53.2, 'fox': 33.6, 'girl': 30.8, 'hamster': 47.199999999999996, 'house': 45.800000000000004, 'kangaroo': 29.2, 'keyboard': 50.4, 'lamp': 40.2, 'lawn_mower': 73.6, 'leopard': 39.800000000000004, 'lion': 52.6, 'lizard': 16.400000000000002, 'lobster': 35.0, 'man': 31.2, 'maple_tree': 52.0, 'motorcycle': 71.8, 'mountain': 56.00000000000001, 'mouse': 16.8, 'mushroom': 42.8, 'oak_tree': 68.2, 'orange': 74.8, 'orchid': 58.8, 'otter': 11.0, 'palm_tree': 66.0, 'pear': 50.0, 'pickup_truck': 63.6, 'pine_tree': 41.199999999999996, 'plain': 72.6, 'plate': 54.0, 'poppy': 54.6, 'porcupine': 44.800000000000004, 'possum': 24.2, 'rabbit': 22.0, 'raccoon': 34.0, 'ray': 40.6, 'road': 78.60000000000001, 'rocket': 64.2, 'rose': 46.6, 'sea': 62.8, 'seal': 16.2, 'shark': 41.8, 'shrew': 29.799999999999997, 'skunk': 76.2, 'skyscraper': 69.19999999999999, 'snail': 31.6, 'snake': 24.0, 'spider': 36.8, 'squirrel': 22.2, 'streetcar': 53.2, 'sunflower': 80.80000000000001, 'sweet_pepper': 48.4, 'table': 34.8, 'tank': 58.599999999999994, 'telephone': 54.400000000000006, 'television': 62.0, 'tiger': 53.2, 'tractor': 52.800000000000004, 'train': 33.0, 'trout': 59.0, 'tulip': 32.2, 'turtle': 24.8, 'wardrobe': 75.6, 'whale': 52.0, 'willow_tree': 46.6, 'wolf': 42.0, 'woman': 34.8, 'worm': 37.4}","{'apple': 76.0, 'aquarium_fish': 45.0, 'baby': 34.0, 'bear': 17.0, 'beaver': 20.0, 'bed': 41.0, 'bee': 53.0, 'beetle': 41.0, 'bicycle': 56.00000000000001, 'bottle': 41.0, 'bowl': 9.0, 'boy': 18.0, 'bridge': 38.0, 'bus': 45.0, 'butterfly': 35.0, 'camel': 42.0, 'can': 49.0, 'castle': 56.99999999999999, 'caterpillar': 22.0, 'cattle': 27.0, 'chair': 66.0, 'chimpanzee': 59.0, 'clock': 32.0, 'cloud': 61.0, 'cockroach': 60.0, 'couch': 28.000000000000004, 'crab': 31.0, 'crocodile': 37.0, 'cup': 47.0, 'dinosaur': 37.0, 'dolphin': 35.0, 'elephant': 35.0, 'flatfish': 31.0, 'forest': 47.0, 'fox': 33.0, 'girl': 18.0, 'hamster': 30.0, 'house': 53.0, 'kangaroo': 12.0, 'keyboard': 43.0, 'lamp': 31.0, 'lawn_mower': 62.0, 'leopard': 44.0, 'lion': 27.0, 'lizard': 17.0, 'lobster': 20.0, 'man': 36.0, 'maple_tree': 57.99999999999999, 'motorcycle': 71.0, 'mountain': 49.0, 'mouse': 13.0, 'mushroom': 35.0, 'oak_tree': 63.0, 'orange': 71.0, 'orchid': 48.0, 'otter': 2.0, 'palm_tree': 56.99999999999999, 'pear': 47.0, 'pickup_truck': 47.0, 'pine_tree': 37.0, 'plain': 78.0, 'plate': 37.0, 'poppy': 48.0, 'porcupine': 30.0, 'possum': 8.0, 'rabbit': 20.0, 'raccoon': 22.0, 'ray': 33.0, 'road': 80.0, 'rocket': 62.0, 'rose': 42.0, 'sea': 59.0, 'seal': 23.0, 'shark': 39.0, 'shrew': 27.0, 'skunk': 79.0, 'skyscraper': 68.0, 'snail': 11.0, 'snake': 17.0, 'spider': 16.0, 'squirrel': 16.0, 'streetcar': 30.0, 'sunflower': 67.0, 'sweet_pepper': 39.0, 'table': 22.0, 'tank': 53.0, 'telephone': 52.0, 'television': 55.00000000000001, 'tiger': 33.0, 'tractor': 49.0, 'train': 32.0, 'trout': 46.0, 'tulip': 14.000000000000002, 'turtle': 16.0, 'wardrobe': 69.0, 'whale': 51.0, 'willow_tree': 22.0, 'wolf': 28.000000000000004, 'woman': 15.0, 'worm': 28.000000000000004}"
6,7,46.599999999999994,59.4,17.415999999999997,28.64,2701.1126205921173,711.5054709911346,53.400000000000006,40.6,"{'apple': 74.0, 'aquarium_fish': 67.80000000000001, 'baby': 43.0, 'bear': 32.0, 'beaver': 33.6, 'bed': 59.0, 'bee': 58.4, 'beetle': 47.4, 'bicycle': 68.2, 'bottle': 61.8, 'bowl': 35.0, 'boy': 37.4, 'bridge': 53.6, 'bus': 56.99999999999999, 'butterfly': 46.2, 'camel': 46.6, 'can': 56.2, 'castle': 73.6, 'caterpillar': 46.800000000000004, 'cattle': 46.2, 'chair': 79.4, 'chimpanzee': 70.19999999999999, 'clock': 42.0, 'cloud': 68.0, 'cockroach': 76.4, 'couch': 34.8, 'crab': 43.8, 'crocodile': 41.0, 'cup': 64.0, 'dinosaur': 47.0, 'dolphin': 53.400000000000006, 'elephant': 56.2, 'flatfish': 39.6, 'forest': 56.39999999999999, 'fox': 44.0, 'girl': 39.800000000000004, 'hamster': 53.400000000000006, 'house': 49.2, 'kangaroo': 39.2, 'keyboard': 61.8, 'lamp': 49.6, 'lawn_mower': 79.4, 'leopard': 49.6, 'lion': 60.0, 'lizard': 23.400000000000002, 'lobster': 43.0, 'man': 37.8, 'maple_tree': 54.800000000000004, 'motorcycle': 77.8, 'mountain': 61.8, 'mouse': 26.400000000000002, 'mushroom': 51.800000000000004, 'oak_tree': 71.39999999999999, 'orange': 79.80000000000001, 'orchid': 64.4, 'otter': 18.8, 'palm_tree': 71.39999999999999, 'pear': 57.199999999999996, 'pickup_truck': 72.0, 'pine_tree': 47.8, 'plain': 77.8, 'plate': 60.8, 'poppy': 65.0, 'porcupine': 52.400000000000006, 'possum': 33.2, 'rabbit': 27.200000000000003, 'raccoon': 44.2, 'ray': 44.800000000000004, 'road': 83.6, 'rocket': 72.8, 'rose': 53.800000000000004, 'sea': 69.0, 'seal': 18.2, 'shark': 44.6, 'shrew': 35.0, 'skunk': 83.2, 'skyscraper': 73.0, 'snail': 37.2, 'snake': 34.8, 'spider': 40.400000000000006, 'squirrel': 28.799999999999997, 'streetcar': 60.199999999999996, 'sunflower': 83.2, 'sweet_pepper': 53.800000000000004, 'table': 41.199999999999996, 'tank': 65.60000000000001, 'telephone': 59.8, 'television': 66.2, 'tiger': 62.4, 'tractor': 60.0, 'train': 45.4, 'trout': 59.8, 'tulip': 39.0, 'turtle': 35.0, 'wardrobe': 80.60000000000001, 'whale': 60.4, 'willow_tree': 52.800000000000004, 'wolf': 48.0, 'woman': 39.4, 'worm': 45.800000000000004}","{'apple': 69.0, 'aquarium_fish': 54.0, 'baby': 18.0, 'bear': 20.0, 'beaver': 14.000000000000002, 'bed': 40.0, 'bee': 51.0, 'beetle': 44.0, 'bicycle': 51.0, 'bottle': 47.0, 'bowl': 40.0, 'boy': 43.0, 'bridge': 32.0, 'bus': 50.0, 'butterfly': 20.0, 'camel': 31.0, 'can': 46.0, 'castle': 52.0, 'caterpillar': 52.0, 'cattle': 23.0, 'chair': 69.0, 'chimpanzee': 62.0, 'clock': 24.0, 'cloud': 68.0, 'cockroach': 65.0, 'couch': 10.0, 'crab': 33.0, 'crocodile': 17.0, 'cup': 54.0, 'dinosaur': 38.0, 'dolphin': 28.000000000000004, 'elephant': 53.0, 'flatfish': 28.000000000000004, 'forest': 48.0, 'fox': 37.0, 'girl': 31.0, 'hamster': 27.0, 'house': 39.0, 'kangaroo': 18.0, 'keyboard': 45.0, 'lamp': 23.0, 'lawn_mower': 61.0, 'leopard': 36.0, 'lion': 42.0, 'lizard': 12.0, 'lobster': 22.0, 'man': 13.0, 'maple_tree': 47.0, 'motorcycle': 63.0, 'mountain': 56.99999999999999, 'mouse': 28.000000000000004, 'mushroom': 28.000000000000004, 'oak_tree': 75.0, 'orange': 56.99999999999999, 'orchid': 48.0, 'otter': 8.0, 'palm_tree': 52.0, 'pear': 48.0, 'pickup_truck': 30.0, 'pine_tree': 26.0, 'plain': 65.0, 'plate': 49.0, 'poppy': 50.0, 'porcupine': 39.0, 'possum': 20.0, 'rabbit': 20.0, 'raccoon': 24.0, 'ray': 40.0, 'road': 79.0, 'rocket': 61.0, 'rose': 60.0, 'sea': 53.0, 'seal': 25.0, 'shark': 33.0, 'shrew': 19.0, 'skunk': 79.0, 'skyscraper': 77.0, 'snail': 19.0, 'snake': 32.0, 'spider': 22.0, 'squirrel': 20.0, 'streetcar': 52.0, 'sunflower': 60.0, 'sweet_pepper': 35.0, 'table': 26.0, 'tank': 44.0, 'telephone': 49.0, 'television': 54.0, 'tiger': 47.0, 'tractor': 53.0, 'train': 40.0, 'trout': 48.0, 'tulip': 34.0, 'turtle': 16.0, 'wardrobe': 72.0, 'whale': 53.0, 'willow_tree': 31.0, 'wolf': 39.0, 'woman': 14.000000000000002, 'worm': 40.0}"
7,8,38.912,57.43,12.129999999999995,27.349999999999998,2222.4905604720116,696.7324093580246,61.088,42.57,"{'apple': 77.2, 'aquarium_fish': 77.4, 'baby': 54.400000000000006, 'bear': 45.4, 'beaver': 45.0, 'bed': 67.0, 'bee': 69.39999999999999, 'beetle': 59.0, 'bicycle': 76.0, 'bottle': 68.0, 'bowl': 46.2, 'boy': 45.6, 'bridge': 59.199999999999996, 'bus': 65.0, 'butterfly': 58.4, 'camel': 56.2, 'can': 63.4, 'castle': 79.0, 'caterpillar': 50.2, 'cattle': 59.4, 'chair': 84.2, 'chimpanzee': 76.8, 'clock': 53.800000000000004, 'cloud': 70.8, 'cockroach': 78.4, 'couch': 47.4, 'crab': 51.2, 'crocodile': 46.6, 'cup': 72.39999999999999, 'dinosaur': 58.199999999999996, 'dolphin': 52.800000000000004, 'elephant': 64.60000000000001, 'flatfish': 52.2, 'forest': 63.4, 'fox': 55.00000000000001, 'girl': 47.599999999999994, 'hamster': 65.0, 'house': 59.199999999999996, 'kangaroo': 48.199999999999996, 'keyboard': 70.0, 'lamp': 56.99999999999999, 'lawn_mower': 82.8, 'leopard': 58.199999999999996, 'lion': 70.0, 'lizard': 28.199999999999996, 'lobster': 52.0, 'man': 45.0, 'maple_tree': 61.0, 'motorcycle': 82.6, 'mountain': 66.4, 'mouse': 34.0, 'mushroom': 63.0, 'oak_tree': 75.2, 'orange': 82.8, 'orchid': 72.8, 'otter': 22.400000000000002, 'palm_tree': 79.80000000000001, 'pear': 68.4, 'pickup_truck': 78.2, 'pine_tree': 56.99999999999999, 'plain': 79.60000000000001, 'plate': 69.6, 'poppy': 71.2, 'porcupine': 56.99999999999999, 'possum': 40.6, 'rabbit': 36.4, 'raccoon': 56.2, 'ray': 50.8, 'road': 86.8, 'rocket': 76.0, 'rose': 62.6, 'sea': 71.2, 'seal': 29.799999999999997, 'shark': 49.4, 'shrew': 44.800000000000004, 'skunk': 86.6, 'skyscraper': 76.0, 'snail': 48.6, 'snake': 45.0, 'spider': 49.2, 'squirrel': 36.4, 'streetcar': 71.0, 'sunflower': 86.6, 'sweet_pepper': 61.8, 'table': 54.2, 'tank': 74.2, 'telephone': 69.39999999999999, 'television': 71.0, 'tiger': 67.80000000000001, 'tractor': 70.6, 'train': 56.599999999999994, 'trout': 68.8, 'tulip': 50.4, 'turtle': 38.800000000000004, 'wardrobe': 84.2, 'whale': 64.2, 'willow_tree': 56.39999999999999, 'wolf': 62.6, 'woman': 47.0, 'worm': 53.400000000000006}","{'apple': 61.0, 'aquarium_fish': 51.0, 'baby': 27.0, 'bear': 28.999999999999996, 'beaver': 17.0, 'bed': 33.0, 'bee': 50.0, 'beetle': 53.0, 'bicycle': 56.00000000000001, 'bottle': 56.99999999999999, 'bowl': 21.0, 'boy': 22.0, 'bridge': 44.0, 'bus': 46.0, 'butterfly': 26.0, 'camel': 38.0, 'can': 41.0, 'castle': 69.0, 'caterpillar': 28.000000000000004, 'cattle': 31.0, 'chair': 68.0, 'chimpanzee': 61.0, 'clock': 34.0, 'cloud': 60.0, 'cockroach': 55.00000000000001, 'couch': 35.0, 'crab': 36.0, 'crocodile': 21.0, 'cup': 41.0, 'dinosaur': 35.0, 'dolphin': 32.0, 'elephant': 47.0, 'flatfish': 36.0, 'forest': 45.0, 'fox': 35.0, 'girl': 18.0, 'hamster': 28.999999999999996, 'house': 38.0, 'kangaroo': 24.0, 'keyboard': 56.00000000000001, 'lamp': 38.0, 'lawn_mower': 61.0, 'leopard': 46.0, 'lion': 43.0, 'lizard': 24.0, 'lobster': 27.0, 'man': 20.0, 'maple_tree': 46.0, 'motorcycle': 69.0, 'mountain': 67.0, 'mouse': 19.0, 'mushroom': 46.0, 'oak_tree': 64.0, 'orange': 77.0, 'orchid': 51.0, 'otter': 26.0, 'palm_tree': 59.0, 'pear': 55.00000000000001, 'pickup_truck': 40.0, 'pine_tree': 39.0, 'plain': 73.0, 'plate': 44.0, 'poppy': 52.0, 'porcupine': 30.0, 'possum': 25.0, 'rabbit': 27.0, 'raccoon': 27.0, 'ray': 21.0, 'road': 74.0, 'rocket': 76.0, 'rose': 52.0, 'sea': 55.00000000000001, 'seal': 10.0, 'shark': 46.0, 'shrew': 28.999999999999996, 'skunk': 77.0, 'skyscraper': 71.0, 'snail': 27.0, 'snake': 22.0, 'spider': 38.0, 'squirrel': 16.0, 'streetcar': 45.0, 'sunflower': 78.0, 'sweet_pepper': 43.0, 'table': 40.0, 'tank': 46.0, 'telephone': 46.0, 'television': 56.00000000000001, 'tiger': 32.0, 'tractor': 57.99999999999999, 'train': 41.0, 'trout': 47.0, 'tulip': 28.000000000000004, 'turtle': 18.0, 'wardrobe': 76.0, 'whale': 52.0, 'willow_tree': 34.0, 'wolf': 28.999999999999996, 'woman': 31.0, 'worm': 42.0}"
8,9,30.396,58.410000000000004,7.540000000000003,27.810000000000002,1739.13661429286,722.4320524930954,69.604,41.589999999999996,"{'apple': 82.8, 'aquarium_fish': 83.6, 'baby': 63.6, 'bear': 54.400000000000006, 'beaver': 56.599999999999994, 'bed': 74.6, 'bee': 77.8, 'beetle': 66.60000000000001, 'bicycle': 82.39999999999999, 'bottle': 76.4, 'bowl': 57.4, 'boy': 56.00000000000001, 'bridge': 70.0, 'bus': 77.8, 'butterfly': 68.60000000000001, 'camel': 69.0, 'can': 73.8, 'castle': 82.0, 'caterpillar': 58.599999999999994, 'cattle': 74.6, 'chair': 91.8, 'chimpanzee': 84.0, 'clock': 66.8, 'cloud': 74.2, 'cockroach': 81.39999999999999, 'couch': 57.99999999999999, 'crab': 64.4, 'crocodile': 53.400000000000006, 'cup': 80.2, 'dinosaur': 68.0, 'dolphin': 63.2, 'elephant': 71.0, 'flatfish': 61.6, 'forest': 67.2, 'fox': 68.8, 'girl': 58.8, 'hamster': 73.8, 'house': 72.39999999999999, 'kangaroo': 56.599999999999994, 'keyboard': 79.4, 'lamp': 68.4, 'lawn_mower': 87.6, 'leopard': 67.0, 'lion': 78.4, 'lizard': 45.4, 'lobster': 60.199999999999996, 'man': 55.400000000000006, 'maple_tree': 69.19999999999999, 'motorcycle': 91.2, 'mountain': 75.4, 'mouse': 46.0, 'mushroom': 74.8, 'oak_tree': 77.2, 'orange': 85.6, 'orchid': 79.60000000000001, 'otter': 35.6, 'palm_tree': 83.8, 'pear': 76.4, 'pickup_truck': 85.6, 'pine_tree': 63.0, 'plain': 83.0, 'plate': 77.60000000000001, 'poppy': 75.6, 'porcupine': 65.8, 'possum': 52.400000000000006, 'rabbit': 48.8, 'raccoon': 66.8, 'ray': 53.0, 'road': 87.2, 'rocket': 80.60000000000001, 'rose': 71.0, 'sea': 73.0, 'seal': 40.0, 'shark': 55.400000000000006, 'shrew': 55.800000000000004, 'skunk': 90.60000000000001, 'skyscraper': 81.2, 'snail': 60.0, 'snake': 58.4, 'spider': 63.2, 'squirrel': 48.0, 'streetcar': 78.8, 'sunflower': 90.4, 'sweet_pepper': 72.0, 'table': 67.80000000000001, 'tank': 80.4, 'telephone': 78.2, 'television': 82.0, 'tiger': 75.6, 'tractor': 77.8, 'train': 67.4, 'trout': 74.6, 'tulip': 62.2, 'turtle': 49.4, 'wardrobe': 87.8, 'whale': 72.6, 'willow_tree': 60.4, 'wolf': 67.4, 'woman': 57.199999999999996, 'worm': 63.6}","{'apple': 76.0, 'aquarium_fish': 70.0, 'baby': 19.0, 'bear': 23.0, 'beaver': 26.0, 'bed': 35.0, 'bee': 47.0, 'beetle': 38.0, 'bicycle': 38.0, 'bottle': 55.00000000000001, 'bowl': 11.0, 'boy': 30.0, 'bridge': 42.0, 'bus': 28.000000000000004, 'butterfly': 27.0, 'camel': 51.0, 'can': 40.0, 'castle': 71.0, 'caterpillar': 33.0, 'cattle': 31.0, 'chair': 64.0, 'chimpanzee': 65.0, 'clock': 36.0, 'cloud': 65.0, 'cockroach': 61.0, 'couch': 33.0, 'crab': 21.0, 'crocodile': 32.0, 'cup': 54.0, 'dinosaur': 39.0, 'dolphin': 41.0, 'elephant': 35.0, 'flatfish': 34.0, 'forest': 56.99999999999999, 'fox': 37.0, 'girl': 28.999999999999996, 'hamster': 31.0, 'house': 43.0, 'kangaroo': 16.0, 'keyboard': 64.0, 'lamp': 28.999999999999996, 'lawn_mower': 63.0, 'leopard': 46.0, 'lion': 25.0, 'lizard': 8.0, 'lobster': 21.0, 'man': 9.0, 'maple_tree': 52.0, 'motorcycle': 64.0, 'mountain': 62.0, 'mouse': 17.0, 'mushroom': 44.0, 'oak_tree': 68.0, 'orange': 74.0, 'orchid': 54.0, 'otter': 10.0, 'palm_tree': 50.0, 'pear': 42.0, 'pickup_truck': 46.0, 'pine_tree': 48.0, 'plain': 69.0, 'plate': 39.0, 'poppy': 56.00000000000001, 'porcupine': 36.0, 'possum': 28.000000000000004, 'rabbit': 28.000000000000004, 'raccoon': 33.0, 'ray': 43.0, 'road': 78.0, 'rocket': 55.00000000000001, 'rose': 44.0, 'sea': 59.0, 'seal': 19.0, 'shark': 19.0, 'shrew': 36.0, 'skunk': 72.0, 'skyscraper': 68.0, 'snail': 16.0, 'snake': 33.0, 'spider': 35.0, 'squirrel': 19.0, 'streetcar': 50.0, 'sunflower': 67.0, 'sweet_pepper': 27.0, 'table': 43.0, 'tank': 55.00000000000001, 'telephone': 54.0, 'television': 49.0, 'tiger': 26.0, 'tractor': 39.0, 'train': 31.0, 'trout': 43.0, 'tulip': 31.0, 'turtle': 24.0, 'wardrobe': 75.0, 'whale': 45.0, 'willow_tree': 30.0, 'wolf': 32.0, 'woman': 30.0, 'worm': 43.0}"
9,10,21.138000000000005,58.45,3.7680000000000047,28.400000000000002,1236.4160856604576,750.7275946140289,78.862,41.55,"{'apple': 87.4, 'aquarium_fish': 91.0, 'baby': 76.6, 'bear': 70.39999999999999, 'beaver': 67.4, 'bed': 85.2, 'bee': 85.6, 'beetle': 76.8, 'bicycle': 90.8, 'bottle': 82.8, 'bowl': 71.8, 'boy': 71.39999999999999, 'bridge': 79.60000000000001, 'bus': 84.0, 'butterfly': 83.39999999999999, 'camel': 81.6, 'can': 83.39999999999999, 'castle': 87.4, 'caterpillar': 72.0, 'cattle': 81.6, 'chair': 93.0, 'chimpanzee': 89.8, 'clock': 77.0, 'cloud': 76.6, 'cockroach': 84.39999999999999, 'couch': 67.60000000000001, 'crab': 76.8, 'crocodile': 65.8, 'cup': 86.0, 'dinosaur': 79.2, 'dolphin': 70.8, 'elephant': 82.6, 'flatfish': 74.4, 'forest': 75.2, 'fox': 80.60000000000001, 'girl': 73.0, 'hamster': 81.39999999999999, 'house': 81.0, 'kangaroo': 74.0, 'keyboard': 87.2, 'lamp': 81.6, 'lawn_mower': 93.0, 'leopard': 72.39999999999999, 'lion': 86.8, 'lizard': 57.4, 'lobster': 78.2, 'man': 66.8, 'maple_tree': 73.2, 'motorcycle': 93.60000000000001, 'mountain': 79.0, 'mouse': 61.6, 'mushroom': 82.19999999999999, 'oak_tree': 81.2, 'orange': 91.60000000000001, 'orchid': 88.6, 'otter': 51.4, 'palm_tree': 87.8, 'pear': 84.6, 'pickup_truck': 91.8, 'pine_tree': 72.8, 'plain': 87.6, 'plate': 86.4, 'poppy': 84.8, 'porcupine': 76.0, 'possum': 66.4, 'rabbit': 71.0, 'raccoon': 80.4, 'ray': 64.60000000000001, 'road': 90.8, 'rocket': 88.8, 'rose': 78.4, 'sea': 78.2, 'seal': 56.2, 'shark': 62.4, 'shrew': 67.80000000000001, 'skunk': 93.60000000000001, 'skyscraper': 86.2, 'snail': 74.6, 'snake': 69.19999999999999, 'spider': 68.8, 'squirrel': 57.8, 'streetcar': 87.2, 'sunflower': 94.0, 'sweet_pepper': 78.60000000000001, 'table': 80.60000000000001, 'tank': 88.2, 'telephone': 85.0, 'television': 86.8, 'tiger': 84.8, 'tractor': 87.8, 'train': 78.0, 'trout': 82.0, 'tulip': 73.8, 'turtle': 63.800000000000004, 'wardrobe': 90.8, 'whale': 78.4, 'willow_tree': 69.39999999999999, 'wolf': 81.8, 'woman': 70.8, 'worm': 72.2}","{'apple': 71.0, 'aquarium_fish': 53.0, 'baby': 28.000000000000004, 'bear': 22.0, 'beaver': 18.0, 'bed': 32.0, 'bee': 37.0, 'beetle': 39.0, 'bicycle': 52.0, 'bottle': 57.99999999999999, 'bowl': 34.0, 'boy': 22.0, 'bridge': 49.0, 'bus': 42.0, 'butterfly': 32.0, 'camel': 32.0, 'can': 31.0, 'castle': 64.0, 'caterpillar': 40.0, 'cattle': 27.0, 'chair': 70.0, 'chimpanzee': 55.00000000000001, 'clock': 34.0, 'cloud': 48.0, 'cockroach': 56.00000000000001, 'couch': 28.000000000000004, 'crab': 30.0, 'crocodile': 28.999999999999996, 'cup': 53.0, 'dinosaur': 33.0, 'dolphin': 51.0, 'elephant': 46.0, 'flatfish': 31.0, 'forest': 41.0, 'fox': 28.999999999999996, 'girl': 13.0, 'hamster': 45.0, 'house': 37.0, 'kangaroo': 23.0, 'keyboard': 52.0, 'lamp': 35.0, 'lawn_mower': 66.0, 'leopard': 35.0, 'lion': 37.0, 'lizard': 4.0, 'lobster': 28.999999999999996, 'man': 31.0, 'maple_tree': 51.0, 'motorcycle': 68.0, 'mountain': 69.0, 'mouse': 16.0, 'mushroom': 32.0, 'oak_tree': 59.0, 'orange': 76.0, 'orchid': 57.99999999999999, 'otter': 17.0, 'palm_tree': 49.0, 'pear': 52.0, 'pickup_truck': 38.0, 'pine_tree': 55.00000000000001, 'plain': 81.0, 'plate': 40.0, 'poppy': 62.0, 'porcupine': 39.0, 'possum': 22.0, 'rabbit': 35.0, 'raccoon': 34.0, 'ray': 47.0, 'road': 71.0, 'rocket': 68.0, 'rose': 37.0, 'sea': 64.0, 'seal': 13.0, 'shark': 33.0, 'shrew': 32.0, 'skunk': 65.0, 'skyscraper': 65.0, 'snail': 14.000000000000002, 'snake': 24.0, 'spider': 35.0, 'squirrel': 32.0, 'streetcar': 45.0, 'sunflower': 62.0, 'sweet_pepper': 33.0, 'table': 31.0, 'tank': 56.99999999999999, 'telephone': 50.0, 'television': 53.0, 'tiger': 40.0, 'tractor': 46.0, 'train': 32.0, 'trout': 54.0, 'tulip': 27.0, 'turtle': 23.0, 'wardrobe': 76.0, 'whale': 40.0, 'willow_tree': 28.999999999999996, 'wolf': 35.0, 'woman': 15.0, 'worm': 30.0}"
10,11,12.644000000000005,58.58,1.3560000000000016,29.32,775.0597366094589,785.5329245328903,87.356,41.42,"{'apple': 92.4, 'aquarium_fish': 94.39999999999999, 'baby': 87.0, 'bear': 79.2, 'beaver': 80.4, 'bed': 92.2, 'bee': 90.0, 'beetle': 87.6, 'bicycle': 95.0, 'bottle': 90.4, 'bowl': 82.8, 'boy': 82.0, 'bridge': 88.8, 'bus': 90.60000000000001, 'butterfly': 88.6, 'camel': 89.0, 'can': 92.0, 'castle': 92.0, 'caterpillar': 85.8, 'cattle': 88.0, 'chair': 95.19999999999999, 'chimpanzee': 92.0, 'clock': 88.8, 'cloud': 82.19999999999999, 'cockroach': 88.8, 'couch': 83.6, 'crab': 86.8, 'crocodile': 78.2, 'cup': 91.4, 'dinosaur': 89.60000000000001, 'dolphin': 77.2, 'elephant': 90.60000000000001, 'flatfish': 86.4, 'forest': 83.2, 'fox': 88.6, 'girl': 84.0, 'hamster': 92.60000000000001, 'house': 90.60000000000001, 'kangaroo': 85.8, 'keyboard': 90.60000000000001, 'lamp': 88.6, 'lawn_mower': 94.6, 'leopard': 87.0, 'lion': 91.8, 'lizard': 72.6, 'lobster': 87.2, 'man': 82.0, 'maple_tree': 82.39999999999999, 'motorcycle': 96.6, 'mountain': 83.2, 'mouse': 81.8, 'mushroom': 93.8, 'oak_tree': 87.2, 'orange': 93.8, 'orchid': 91.2, 'otter': 71.2, 'palm_tree': 94.39999999999999, 'pear': 91.60000000000001, 'pickup_truck': 95.19999999999999, 'pine_tree': 83.8, 'plain': 88.0, 'plate': 89.60000000000001, 'poppy': 91.0, 'porcupine': 87.6, 'possum': 85.0, 'rabbit': 83.0, 'raccoon': 90.0, 'ray': 73.6, 'road': 95.0, 'rocket': 90.4, 'rose': 89.2, 'sea': 84.2, 'seal': 70.39999999999999, 'shark': 72.39999999999999, 'shrew': 76.6, 'skunk': 95.6, 'skyscraper': 91.0, 'snail': 85.6, 'snake': 82.39999999999999, 'spider': 84.2, 'squirrel': 77.8, 'streetcar': 93.2, 'sunflower': 96.0, 'sweet_pepper': 88.8, 'table': 89.4, 'tank': 95.0, 'telephone': 90.60000000000001, 'television': 93.8, 'tiger': 90.8, 'tractor': 91.0, 'train': 87.0, 'trout': 90.0, 'tulip': 86.8, 'turtle': 80.80000000000001, 'wardrobe': 94.6, 'whale': 85.0, 'willow_tree': 78.8, 'wolf': 89.60000000000001, 'woman': 86.0, 'worm': 81.39999999999999}","{'apple': 79.0, 'aquarium_fish': 52.0, 'baby': 32.0, 'bear': 22.0, 'beaver': 20.0, 'bed': 35.0, 'bee': 44.0, 'beetle': 41.0, 'bicycle': 47.0, 'bottle': 60.0, 'bowl': 25.0, 'boy': 23.0, 'bridge': 44.0, 'bus': 41.0, 'butterfly': 22.0, 'camel': 39.0, 'can': 41.0, 'castle': 69.0, 'caterpillar': 32.0, 'cattle': 35.0, 'chair': 70.0, 'chimpanzee': 52.0, 'clock': 34.0, 'cloud': 57.99999999999999, 'cockroach': 70.0, 'couch': 28.000000000000004, 'crab': 32.0, 'crocodile': 32.0, 'cup': 57.99999999999999, 'dinosaur': 35.0, 'dolphin': 44.0, 'elephant': 42.0, 'flatfish': 27.0, 'forest': 31.0, 'fox': 34.0, 'girl': 28.999999999999996, 'hamster': 35.0, 'house': 40.0, 'kangaroo': 24.0, 'keyboard': 64.0, 'lamp': 32.0, 'lawn_mower': 65.0, 'leopard': 63.0, 'lion': 40.0, 'lizard': 10.0, 'lobster': 23.0, 'man': 23.0, 'maple_tree': 43.0, 'motorcycle': 55.00000000000001, 'mountain': 65.0, 'mouse': 24.0, 'mushroom': 31.0, 'oak_tree': 75.0, 'orange': 70.0, 'orchid': 59.0, 'otter': 15.0, 'palm_tree': 44.0, 'pear': 41.0, 'pickup_truck': 47.0, 'pine_tree': 45.0, 'plain': 69.0, 'plate': 46.0, 'poppy': 28.000000000000004, 'porcupine': 34.0, 'possum': 16.0, 'rabbit': 26.0, 'raccoon': 27.0, 'ray': 37.0, 'road': 79.0, 'rocket': 69.0, 'rose': 27.0, 'sea': 59.0, 'seal': 18.0, 'shark': 32.0, 'shrew': 30.0, 'skunk': 65.0, 'skyscraper': 55.00000000000001, 'snail': 15.0, 'snake': 21.0, 'spider': 40.0, 'squirrel': 22.0, 'streetcar': 43.0, 'sunflower': 69.0, 'sweet_pepper': 34.0, 'table': 31.0, 'tank': 44.0, 'telephone': 38.0, 'television': 54.0, 'tiger': 31.0, 'tractor': 47.0, 'train': 43.0, 'trout': 44.0, 'tulip': 55.00000000000001, 'turtle': 18.0, 'wardrobe': 77.0, 'whale': 45.0, 'willow_tree': 41.0, 'wolf': 32.0, 'woman': 22.0, 'worm': 47.0}"
11,12,6.328000000000003,58.379999999999995,0.30200000000000227,29.049999999999997,443.834506675601,812.7909080982208,93.672,41.620000000000005,"{'apple': 95.19999999999999, 'aquarium_fish': 98.0, 'baby': 94.39999999999999, 'bear': 93.4, 'beaver': 90.8, 'bed': 96.2, 'bee': 95.39999999999999, 'beetle': 93.60000000000001, 'bicycle': 97.39999999999999, 'bottle': 95.8, 'bowl': 92.0, 'boy': 92.80000000000001, 'bridge': 96.0, 'bus': 96.6, 'butterfly': 96.2, 'camel': 96.39999999999999, 'can': 95.39999999999999, 'castle': 96.8, 'caterpillar': 91.8, 'cattle': 95.19999999999999, 'chair': 98.0, 'chimpanzee': 97.6, 'clock': 95.6, 'cloud': 86.4, 'cockroach': 94.8, 'couch': 92.4, 'crab': 94.0, 'crocodile': 89.8, 'cup': 96.8, 'dinosaur': 95.6, 'dolphin': 87.4, 'elephant': 95.0, 'flatfish': 93.2, 'forest': 91.4, 'fox': 94.39999999999999, 'girl': 93.8, 'hamster': 94.8, 'house': 93.0, 'kangaroo': 93.2, 'keyboard': 95.39999999999999, 'lamp': 94.39999999999999, 'lawn_mower': 98.2, 'leopard': 95.19999999999999, 'lion': 96.6, 'lizard': 87.0, 'lobster': 93.60000000000001, 'man': 91.8, 'maple_tree': 90.2, 'motorcycle': 98.4, 'mountain': 91.0, 'mouse': 91.0, 'mushroom': 96.39999999999999, 'oak_tree': 92.80000000000001, 'orange': 95.8, 'orchid': 95.19999999999999, 'otter': 88.8, 'palm_tree': 97.0, 'pear': 95.0, 'pickup_truck': 96.39999999999999, 'pine_tree': 91.60000000000001, 'plain': 91.60000000000001, 'plate': 94.19999999999999, 'poppy': 95.0, 'porcupine': 94.19999999999999, 'possum': 92.2, 'rabbit': 91.8, 'raccoon': 95.39999999999999, 'ray': 84.8, 'road': 97.2, 'rocket': 94.6, 'rose': 95.19999999999999, 'sea': 87.4, 'seal': 87.0, 'shark': 79.2, 'shrew': 91.2, 'skunk': 98.2, 'skyscraper': 95.8, 'snail': 92.2, 'snake': 93.2, 'spider': 91.8, 'squirrel': 91.4, 'streetcar': 95.8, 'sunflower': 97.0, 'sweet_pepper': 93.2, 'table': 93.8, 'tank': 98.0, 'telephone': 96.39999999999999, 'television': 96.8, 'tiger': 95.8, 'tractor': 98.0, 'train': 93.2, 'trout': 94.19999999999999, 'tulip': 93.4, 'turtle': 88.0, 'wardrobe': 96.2, 'whale': 89.0, 'willow_tree': 87.2, 'wolf': 96.0, 'woman': 94.19999999999999, 'worm': 89.0}","{'apple': 66.0, 'aquarium_fish': 43.0, 'baby': 32.0, 'bear': 17.0, 'beaver': 14.000000000000002, 'bed': 40.0, 'bee': 31.0, 'beetle': 44.0, 'bicycle': 52.0, 'bottle': 46.0, 'bowl': 27.0, 'boy': 23.0, 'bridge': 44.0, 'bus': 28.999999999999996, 'butterfly': 24.0, 'camel': 28.999999999999996, 'can': 28.000000000000004, 'castle': 71.0, 'caterpillar': 32.0, 'cattle': 28.999999999999996, 'chair': 62.0, 'chimpanzee': 57.99999999999999, 'clock': 40.0, 'cloud': 57.99999999999999, 'cockroach': 68.0, 'couch': 25.0, 'crab': 34.0, 'crocodile': 24.0, 'cup': 54.0, 'dinosaur': 38.0, 'dolphin': 44.0, 'elephant': 49.0, 'flatfish': 24.0, 'forest': 43.0, 'fox': 38.0, 'girl': 14.000000000000002, 'hamster': 37.0, 'house': 41.0, 'kangaroo': 22.0, 'keyboard': 59.0, 'lamp': 34.0, 'lawn_mower': 64.0, 'leopard': 31.0, 'lion': 55.00000000000001, 'lizard': 18.0, 'lobster': 27.0, 'man': 32.0, 'maple_tree': 46.0, 'motorcycle': 60.0, 'mountain': 62.0, 'mouse': 18.0, 'mushroom': 42.0, 'oak_tree': 60.0, 'orange': 69.0, 'orchid': 63.0, 'otter': 12.0, 'palm_tree': 50.0, 'pear': 47.0, 'pickup_truck': 43.0, 'pine_tree': 47.0, 'plain': 77.0, 'plate': 28.000000000000004, 'poppy': 59.0, 'porcupine': 41.0, 'possum': 20.0, 'rabbit': 22.0, 'raccoon': 39.0, 'ray': 44.0, 'road': 81.0, 'rocket': 65.0, 'rose': 44.0, 'sea': 34.0, 'seal': 17.0, 'shark': 34.0, 'shrew': 30.0, 'skunk': 65.0, 'skyscraper': 69.0, 'snail': 21.0, 'snake': 27.0, 'spider': 34.0, 'squirrel': 18.0, 'streetcar': 59.0, 'sunflower': 61.0, 'sweet_pepper': 39.0, 'table': 28.000000000000004, 'tank': 56.99999999999999, 'telephone': 48.0, 'television': 59.0, 'tiger': 49.0, 'tractor': 49.0, 'train': 39.0, 'trout': 56.00000000000001, 'tulip': 30.0, 'turtle': 23.0, 'wardrobe': 80.0, 'whale': 49.0, 'willow_tree': 35.0, 'wolf': 30.0, 'woman': 24.0, 'worm': 45.0}"
12,13,2.75,56.98,0.08399999999999519,28.559999999999995,238.76911564916372,819.9699960947037,97.25,43.02,"{'apple': 98.4, 'aquarium_fish': 98.8, 'baby': 97.8, 'bear': 96.8, 'beaver': 98.0, 'bed': 97.39999999999999, 'bee': 98.0, 'beetle': 97.8, 'bicycle': 99.0, 'bottle': 98.8, 'bowl': 96.0, 'boy': 98.0, 'bridge': 97.8, 'bus': 97.2, 'butterfly': 98.6, 'camel': 97.39999999999999, 'can': 98.6, 'castle': 98.4, 'caterpillar': 97.6, 'cattle': 98.6, 'chair': 99.4, 'chimpanzee': 99.2, 'clock': 98.2, 'cloud': 93.4, 'cockroach': 97.39999999999999, 'couch': 96.39999999999999, 'crab': 98.0, 'crocodile': 96.2, 'cup': 98.2, 'dinosaur': 98.8, 'dolphin': 91.0, 'elephant': 98.6, 'flatfish': 97.8, 'forest': 97.0, 'fox': 97.6, 'girl': 99.0, 'hamster': 98.6, 'house': 96.2, 'kangaroo': 97.6, 'keyboard': 97.39999999999999, 'lamp': 97.0, 'lawn_mower': 99.4, 'leopard': 97.8, 'lion': 97.8, 'lizard': 96.6, 'lobster': 97.2, 'man': 97.8, 'maple_tree': 95.6, 'motorcycle': 99.0, 'mountain': 93.2, 'mouse': 95.8, 'mushroom': 97.8, 'oak_tree': 96.2, 'orange': 99.0, 'orchid': 99.2, 'otter': 96.0, 'palm_tree': 98.2, 'pear': 97.8, 'pickup_truck': 98.2, 'pine_tree': 93.2, 'plain': 94.19999999999999, 'plate': 97.6, 'poppy': 98.2, 'porcupine': 97.0, 'possum': 98.0, 'rabbit': 98.2, 'raccoon': 98.2, 'ray': 92.4, 'road': 98.0, 'rocket': 98.0, 'rose': 97.8, 'sea': 92.80000000000001, 'seal': 95.0, 'shark': 89.8, 'shrew': 98.2, 'skunk': 98.8, 'skyscraper': 96.2, 'snail': 97.6, 'snake': 96.6, 'spider': 95.0, 'squirrel': 96.2, 'streetcar': 98.0, 'sunflower': 99.0, 'sweet_pepper': 97.39999999999999, 'table': 98.8, 'tank': 98.0, 'telephone': 99.0, 'television': 99.4, 'tiger': 98.2, 'tractor': 99.4, 'train': 97.6, 'trout': 98.6, 'tulip': 97.2, 'turtle': 96.2, 'wardrobe': 98.0, 'whale': 93.4, 'willow_tree': 93.60000000000001, 'wolf': 98.6, 'woman': 97.39999999999999, 'worm': 95.6}","{'apple': 74.0, 'aquarium_fish': 49.0, 'baby': 28.000000000000004, 'bear': 21.0, 'beaver': 22.0, 'bed': 38.0, 'bee': 52.0, 'beetle': 48.0, 'bicycle': 57.99999999999999, 'bottle': 54.0, 'bowl': 27.0, 'boy': 24.0, 'bridge': 47.0, 'bus': 36.0, 'butterfly': 24.0, 'camel': 45.0, 'can': 39.0, 'castle': 57.99999999999999, 'caterpillar': 39.0, 'cattle': 31.0, 'chair': 72.0, 'chimpanzee': 63.0, 'clock': 35.0, 'cloud': 61.0, 'cockroach': 55.00000000000001, 'couch': 31.0, 'crab': 31.0, 'crocodile': 33.0, 'cup': 57.99999999999999, 'dinosaur': 36.0, 'dolphin': 49.0, 'elephant': 37.0, 'flatfish': 34.0, 'forest': 46.0, 'fox': 28.999999999999996, 'girl': 21.0, 'hamster': 35.0, 'house': 41.0, 'kangaroo': 39.0, 'keyboard': 56.99999999999999, 'lamp': 32.0, 'lawn_mower': 69.0, 'leopard': 48.0, 'lion': 44.0, 'lizard': 15.0, 'lobster': 23.0, 'man': 30.0, 'maple_tree': 56.00000000000001, 'motorcycle': 67.0, 'mountain': 73.0, 'mouse': 28.000000000000004, 'mushroom': 34.0, 'oak_tree': 56.00000000000001, 'orange': 69.0, 'orchid': 56.99999999999999, 'otter': 14.000000000000002, 'palm_tree': 59.0, 'pear': 41.0, 'pickup_truck': 48.0, 'pine_tree': 49.0, 'plain': 83.0, 'plate': 41.0, 'poppy': 56.00000000000001, 'porcupine': 34.0, 'possum': 21.0, 'rabbit': 23.0, 'raccoon': 43.0, 'ray': 32.0, 'road': 83.0, 'rocket': 63.0, 'rose': 43.0, 'sea': 54.0, 'seal': 10.0, 'shark': 37.0, 'shrew': 40.0, 'skunk': 62.0, 'skyscraper': 70.0, 'snail': 26.0, 'snake': 23.0, 'spider': 34.0, 'squirrel': 21.0, 'streetcar': 47.0, 'sunflower': 67.0, 'sweet_pepper': 37.0, 'table': 31.0, 'tank': 51.0, 'telephone': 41.0, 'television': 57.99999999999999, 'tiger': 39.0, 'tractor': 53.0, 'train': 37.0, 'trout': 48.0, 'tulip': 28.000000000000004, 'turtle': 19.0, 'wardrobe': 84.0, 'whale': 49.0, 'willow_tree': 32.0, 'wolf': 25.0, 'woman': 22.0, 'worm': 46.0}"
13,14,1.0559999999999974,56.72,0.024000000000001798,28.059999999999995,124.30025946907699,824.2901265621185,98.944,43.28,"{'apple': 99.4, 'aquarium_fish': 99.8, 'baby': 100.0, 'bear': 99.0, 'beaver': 98.0, 'bed': 99.0, 'bee': 99.8, 'beetle': 99.6, 'bicycle': 100.0, 'bottle': 99.4, 'bowl': 99.0, 'boy': 99.2, 'bridge': 99.4, 'bus': 99.8, 'butterfly': 100.0, 'camel': 99.6, 'can': 99.6, 'castle': 99.4, 'caterpillar': 99.6, 'cattle': 100.0, 'chair': 99.0, 'chimpanzee': 99.4, 'clock': 99.8, 'cloud': 95.8, 'cockroach': 99.8, 'couch': 99.0, 'crab': 98.8, 'crocodile': 97.8, 'cup': 99.8, 'dinosaur': 98.8, 'dolphin': 95.19999999999999, 'elephant': 99.8, 'flatfish': 99.6, 'forest': 98.6, 'fox': 99.4, 'girl': 99.2, 'hamster': 99.4, 'house': 99.8, 'kangaroo': 99.4, 'keyboard': 99.6, 'lamp': 99.8, 'lawn_mower': 100.0, 'leopard': 99.2, 'lion': 99.4, 'lizard': 99.0, 'lobster': 99.6, 'man': 99.8, 'maple_tree': 97.2, 'motorcycle': 99.8, 'mountain': 96.2, 'mouse': 98.6, 'mushroom': 99.2, 'oak_tree': 97.8, 'orange': 100.0, 'orchid': 99.4, 'otter': 98.2, 'palm_tree': 99.4, 'pear': 99.6, 'pickup_truck': 99.8, 'pine_tree': 98.2, 'plain': 97.39999999999999, 'plate': 99.0, 'poppy': 99.6, 'porcupine': 98.8, 'possum': 98.8, 'rabbit': 99.0, 'raccoon': 99.2, 'ray': 95.0, 'road': 99.8, 'rocket': 99.4, 'rose': 99.4, 'sea': 94.0, 'seal': 98.2, 'shark': 92.60000000000001, 'shrew': 99.4, 'skunk': 100.0, 'skyscraper': 98.8, 'snail': 99.8, 'snake': 97.6, 'spider': 99.4, 'squirrel': 99.2, 'streetcar': 100.0, 'sunflower': 99.6, 'sweet_pepper': 99.2, 'table': 99.2, 'tank': 99.8, 'telephone': 99.4, 'television': 100.0, 'tiger': 99.6, 'tractor': 99.8, 'train': 99.2, 'trout': 99.8, 'tulip': 98.6, 'turtle': 98.0, 'wardrobe': 99.6, 'whale': 96.8, 'willow_tree': 98.2, 'wolf': 99.6, 'woman': 99.0, 'worm': 96.8}","{'apple': 69.0, 'aquarium_fish': 50.0, 'baby': 36.0, 'bear': 17.0, 'beaver': 25.0, 'bed': 43.0, 'bee': 41.0, 'beetle': 49.0, 'bicycle': 46.0, 'bottle': 53.0, 'bowl': 28.000000000000004, 'boy': 21.0, 'bridge': 49.0, 'bus': 41.0, 'butterfly': 22.0, 'camel': 40.0, 'can': 50.0, 'castle': 69.0, 'caterpillar': 34.0, 'cattle': 36.0, 'chair': 72.0, 'chimpanzee': 60.0, 'clock': 30.0, 'cloud': 75.0, 'cockroach': 56.99999999999999, 'couch': 31.0, 'crab': 38.0, 'crocodile': 31.0, 'cup': 62.0, 'dinosaur': 38.0, 'dolphin': 47.0, 'elephant': 41.0, 'flatfish': 28.999999999999996, 'forest': 51.0, 'fox': 27.0, 'girl': 21.0, 'hamster': 35.0, 'house': 38.0, 'kangaroo': 33.0, 'keyboard': 62.0, 'lamp': 31.0, 'lawn_mower': 64.0, 'leopard': 39.0, 'lion': 45.0, 'lizard': 16.0, 'lobster': 24.0, 'man': 22.0, 'maple_tree': 52.0, 'motorcycle': 73.0, 'mountain': 62.0, 'mouse': 17.0, 'mushroom': 44.0, 'oak_tree': 69.0, 'orange': 69.0, 'orchid': 53.0, 'otter': 16.0, 'palm_tree': 52.0, 'pear': 51.0, 'pickup_truck': 45.0, 'pine_tree': 32.0, 'plain': 83.0, 'plate': 47.0, 'poppy': 64.0, 'porcupine': 33.0, 'possum': 18.0, 'rabbit': 23.0, 'raccoon': 30.0, 'ray': 40.0, 'road': 79.0, 'rocket': 66.0, 'rose': 36.0, 'sea': 46.0, 'seal': 20.0, 'shark': 47.0, 'shrew': 35.0, 'skunk': 69.0, 'skyscraper': 70.0, 'snail': 23.0, 'snake': 28.000000000000004, 'spider': 34.0, 'squirrel': 25.0, 'streetcar': 55.00000000000001, 'sunflower': 67.0, 'sweet_pepper': 31.0, 'table': 27.0, 'tank': 52.0, 'telephone': 50.0, 'television': 52.0, 'tiger': 40.0, 'tractor': 47.0, 'train': 38.0, 'trout': 54.0, 'tulip': 50.0, 'turtle': 24.0, 'wardrobe': 80.0, 'whale': 37.0, 'willow_tree': 44.0, 'wolf': 33.0, 'woman': 24.0, 'worm': 34.0}"
14,15,0.4140000000000015,56.56,0.004000000000004,28.42,70.00630340632051,833.058788895607,99.586,43.44,"{'apple': 99.6, 'aquarium_fish': 99.8, 'baby': 99.8, 'bear': 100.0, 'beaver': 99.6, 'bed': 99.4, 'bee': 99.4, 'beetle': 99.6, 'bicycle': 99.8, 'bottle': 99.6, 'bowl': 99.8, 'boy': 100.0, 'bridge': 99.6, 'bus': 99.8, 'butterfly': 100.0, 'camel': 99.6, 'can': 99.8, 'castle': 99.6, 'caterpillar': 99.8, 'cattle': 100.0, 'chair': 100.0, 'chimpanzee': 100.0, 'clock': 99.4, 'cloud': 96.8, 'cockroach': 99.8, 'couch': 99.8, 'crab': 99.8, 'crocodile': 99.6, 'cup': 99.6, 'dinosaur': 100.0, 'dolphin': 98.4, 'elephant': 99.8, 'flatfish': 99.6, 'forest': 99.6, 'fox': 100.0, 'girl': 99.6, 'hamster': 99.4, 'house': 99.8, 'kangaroo': 99.6, 'keyboard': 100.0, 'lamp': 99.8, 'lawn_mower': 100.0, 'leopard': 100.0, 'lion': 99.8, 'lizard': 99.8, 'lobster': 99.8, 'man': 99.8, 'maple_tree': 99.8, 'motorcycle': 100.0, 'mountain': 99.4, 'mouse': 99.8, 'mushroom': 100.0, 'oak_tree': 99.6, 'orange': 99.8, 'orchid': 100.0, 'otter': 99.2, 'palm_tree': 100.0, 'pear': 99.6, 'pickup_truck': 99.8, 'pine_tree': 99.2, 'plain': 97.39999999999999, 'plate': 100.0, 'poppy': 99.8, 'porcupine': 99.4, 'possum': 99.6, 'rabbit': 99.6, 'raccoon': 100.0, 'ray': 99.0, 'road': 99.6, 'rocket': 99.4, 'rose': 99.8, 'sea': 96.6, 'seal': 99.4, 'shark': 98.4, 'shrew': 99.4, 'skunk': 99.8, 'skyscraper': 99.6, 'snail': 100.0, 'snake': 99.2, 'spider': 99.4, 'squirrel': 99.6, 'streetcar': 100.0, 'sunflower': 99.6, 'sweet_pepper': 99.4, 'table': 99.8, 'tank': 99.8, 'telephone': 99.8, 'television': 99.8, 'tiger': 100.0, 'tractor': 99.8, 'train': 99.8, 'trout': 99.6, 'tulip': 99.8, 'turtle': 99.2, 'wardrobe': 99.8, 'whale': 98.8, 'willow_tree': 99.4, 'wolf': 99.6, 'woman': 99.8, 'worm': 99.4}","{'apple': 63.0, 'aquarium_fish': 51.0, 'baby': 34.0, 'bear': 16.0, 'beaver': 19.0, 'bed': 40.0, 'bee': 43.0, 'beetle': 45.0, 'bicycle': 52.0, 'bottle': 55.00000000000001, 'bowl': 27.0, 'boy': 16.0, 'bridge': 44.0, 'bus': 33.0, 'butterfly': 24.0, 'camel': 34.0, 'can': 44.0, 'castle': 66.0, 'caterpillar': 40.0, 'cattle': 30.0, 'chair': 69.0, 'chimpanzee': 60.0, 'clock': 32.0, 'cloud': 64.0, 'cockroach': 64.0, 'couch': 30.0, 'crab': 33.0, 'crocodile': 28.000000000000004, 'cup': 56.00000000000001, 'dinosaur': 45.0, 'dolphin': 50.0, 'elephant': 44.0, 'flatfish': 36.0, 'forest': 56.99999999999999, 'fox': 34.0, 'girl': 23.0, 'hamster': 41.0, 'house': 32.0, 'kangaroo': 35.0, 'keyboard': 62.0, 'lamp': 32.0, 'lawn_mower': 68.0, 'leopard': 41.0, 'lion': 43.0, 'lizard': 12.0, 'lobster': 20.0, 'man': 28.000000000000004, 'maple_tree': 53.0, 'motorcycle': 69.0, 'mountain': 64.0, 'mouse': 21.0, 'mushroom': 39.0, 'oak_tree': 61.0, 'orange': 80.0, 'orchid': 65.0, 'otter': 15.0, 'palm_tree': 53.0, 'pear': 59.0, 'pickup_truck': 53.0, 'pine_tree': 48.0, 'plain': 72.0, 'plate': 45.0, 'poppy': 60.0, 'porcupine': 28.999999999999996, 'possum': 14.000000000000002, 'rabbit': 24.0, 'raccoon': 37.0, 'ray': 43.0, 'road': 76.0, 'rocket': 61.0, 'rose': 44.0, 'sea': 55.00000000000001, 'seal': 7.000000000000001, 'shark': 40.0, 'shrew': 36.0, 'skunk': 71.0, 'skyscraper': 66.0, 'snail': 24.0, 'snake': 34.0, 'spider': 35.0, 'squirrel': 21.0, 'streetcar': 44.0, 'sunflower': 70.0, 'sweet_pepper': 39.0, 'table': 34.0, 'tank': 53.0, 'telephone': 46.0, 'television': 61.0, 'tiger': 41.0, 'tractor': 55.00000000000001, 'train': 37.0, 'trout': 54.0, 'tulip': 37.0, 'turtle': 22.0, 'wardrobe': 78.0, 'whale': 41.0, 'willow_tree': 45.0, 'wolf': 31.0, 'woman': 20.0, 'worm': 47.0}"
15,16,0.2079999999999984,55.919999999999995,0.005999999999994898,27.759999999999994,44.00895612547174,833.1499178409576,99.792,44.080000000000005,"{'apple': 100.0, 'aquarium_fish': 100.0, 'baby': 99.8, 'bear': 100.0, 'beaver': 99.6, 'bed': 99.6, 'bee': 100.0, 'beetle': 99.8, 'bicycle': 100.0, 'bottle': 100.0, 'bowl': 99.8, 'boy': 100.0, 'bridge': 99.8, 'bus': 99.8, 'butterfly': 100.0, 'camel': 100.0, 'can': 99.8, 'castle': 100.0, 'caterpillar': 99.8, 'cattle': 99.8, 'chair': 100.0, 'chimpanzee': 100.0, 'clock': 100.0, 'cloud': 99.0, 'cockroach': 99.8, 'couch': 99.8, 'crab': 99.8, 'crocodile': 100.0, 'cup': 100.0, 'dinosaur': 100.0, 'dolphin': 99.4, 'elephant': 99.8, 'flatfish': 100.0, 'forest': 100.0, 'fox': 100.0, 'girl': 100.0, 'hamster': 100.0, 'house': 100.0, 'kangaroo': 100.0, 'keyboard': 99.6, 'lamp': 100.0, 'lawn_mower': 100.0, 'leopard': 100.0, 'lion': 100.0, 'lizard': 100.0, 'lobster': 100.0, 'man': 100.0, 'maple_tree': 99.8, 'motorcycle': 99.4, 'mountain': 99.6, 'mouse': 100.0, 'mushroom': 100.0, 'oak_tree': 99.8, 'orange': 100.0, 'orchid': 100.0, 'otter': 99.6, 'palm_tree': 100.0, 'pear': 100.0, 'pickup_truck': 99.8, 'pine_tree': 100.0, 'plain': 98.6, 'plate': 99.6, 'poppy': 99.8, 'porcupine': 99.4, 'possum': 99.8, 'rabbit': 100.0, 'raccoon': 100.0, 'ray': 99.2, 'road': 99.8, 'rocket': 99.8, 'rose': 100.0, 'sea': 98.6, 'seal': 99.2, 'shark': 99.2, 'shrew': 98.8, 'skunk': 100.0, 'skyscraper': 100.0, 'snail': 100.0, 'snake': 99.2, 'spider': 99.8, 'squirrel': 99.6, 'streetcar': 99.8, 'sunflower': 100.0, 'sweet_pepper': 100.0, 'table': 100.0, 'tank': 99.8, 'telephone': 99.8, 'television': 100.0, 'tiger': 99.6, 'tractor': 100.0, 'train': 99.8, 'trout': 100.0, 'tulip': 100.0, 'turtle': 100.0, 'wardrobe': 100.0, 'whale': 99.2, 'willow_tree': 99.6, 'wolf': 100.0, 'woman': 99.8, 'worm': 98.6}","{'apple': 69.0, 'aquarium_fish': 53.0, 'baby': 34.0, 'bear': 23.0, 'beaver': 24.0, 'bed': 42.0, 'bee': 45.0, 'beetle': 42.0, 'bicycle': 48.0, 'bottle': 57.99999999999999, 'bowl': 28.999999999999996, 'boy': 18.0, 'bridge': 49.0, 'bus': 33.0, 'butterfly': 27.0, 'camel': 28.999999999999996, 'can': 47.0, 'castle': 67.0, 'caterpillar': 36.0, 'cattle': 35.0, 'chair': 73.0, 'chimpanzee': 57.99999999999999, 'clock': 32.0, 'cloud': 63.0, 'cockroach': 68.0, 'couch': 35.0, 'crab': 37.0, 'crocodile': 32.0, 'cup': 56.00000000000001, 'dinosaur': 43.0, 'dolphin': 51.0, 'elephant': 48.0, 'flatfish': 31.0, 'forest': 52.0, 'fox': 36.0, 'girl': 24.0, 'hamster': 37.0, 'house': 39.0, 'kangaroo': 33.0, 'keyboard': 63.0, 'lamp': 33.0, 'lawn_mower': 64.0, 'leopard': 41.0, 'lion': 46.0, 'lizard': 14.000000000000002, 'lobster': 25.0, 'man': 22.0, 'maple_tree': 56.99999999999999, 'motorcycle': 65.0, 'mountain': 61.0, 'mouse': 23.0, 'mushroom': 42.0, 'oak_tree': 54.0, 'orange': 79.0, 'orchid': 57.99999999999999, 'otter': 21.0, 'palm_tree': 59.0, 'pear': 48.0, 'pickup_truck': 49.0, 'pine_tree': 39.0, 'plain': 77.0, 'plate': 51.0, 'poppy': 55.00000000000001, 'porcupine': 32.0, 'possum': 19.0, 'rabbit': 24.0, 'raccoon': 38.0, 'ray': 41.0, 'road': 78.0, 'rocket': 68.0, 'rose': 40.0, 'sea': 69.0, 'seal': 10.0, 'shark': 47.0, 'shrew': 37.0, 'skunk': 65.0, 'skyscraper': 68.0, 'snail': 25.0, 'snake': 28.000000000000004, 'spider': 40.0, 'squirrel': 23.0, 'streetcar': 55.00000000000001, 'sunflower': 69.0, 'sweet_pepper': 45.0, 'table': 31.0, 'tank': 54.0, 'telephone': 42.0, 'television': 56.99999999999999, 'tiger': 42.0, 'tractor': 56.00000000000001, 'train': 38.0, 'trout': 49.0, 'tulip': 35.0, 'turtle': 19.0, 'wardrobe': 78.0, 'whale': 33.0, 'willow_tree': 44.0, 'wolf': 42.0, 'woman': 20.0, 'worm': 45.0}"
16,17,0.10800000000000409,55.78,0.005999999999994898,27.83,33.31706364452839,829.932294845581,99.892,44.22,"{'apple': 99.8, 'aquarium_fish': 100.0, 'baby': 99.8, 'bear': 100.0, 'beaver': 99.8, 'bed': 100.0, 'bee': 100.0, 'beetle': 99.8, 'bicycle': 100.0, 'bottle': 100.0, 'bowl': 100.0, 'boy': 100.0, 'bridge': 100.0, 'bus': 99.8, 'butterfly': 100.0, 'camel': 100.0, 'can': 100.0, 'castle': 100.0, 'caterpillar': 100.0, 'cattle': 100.0, 'chair': 100.0, 'chimpanzee': 99.8, 'clock': 100.0, 'cloud': 100.0, 'cockroach': 100.0, 'couch': 100.0, 'crab': 99.8, 'crocodile': 100.0, 'cup': 100.0, 'dinosaur': 100.0, 'dolphin': 99.8, 'elephant': 100.0, 'flatfish': 100.0, 'forest': 99.6, 'fox': 100.0, 'girl': 99.8, 'hamster': 100.0, 'house': 100.0, 'kangaroo': 100.0, 'keyboard': 99.8, 'lamp': 100.0, 'lawn_mower': 100.0, 'leopard': 99.8, 'lion': 99.8, 'lizard': 100.0, 'lobster': 100.0, 'man': 100.0, 'maple_tree': 100.0, 'motorcycle': 100.0, 'mountain': 99.6, 'mouse': 99.8, 'mushroom': 100.0, 'oak_tree': 99.6, 'orange': 100.0, 'orchid': 100.0, 'otter': 99.6, 'palm_tree': 100.0, 'pear': 99.8, 'pickup_truck': 100.0, 'pine_tree': 100.0, 'plain': 99.8, 'plate': 100.0, 'poppy': 100.0, 'porcupine': 99.6, 'possum': 100.0, 'rabbit': 99.8, 'raccoon': 99.8, 'ray': 100.0, 'road': 99.8, 'rocket': 100.0, 'rose': 100.0, 'sea': 100.0, 'seal': 99.6, 'shark': 99.6, 'shrew': 99.6, 'skunk': 100.0, 'skyscraper': 99.6, 'snail': 100.0, 'snake': 99.2, 'spider': 99.8, 'squirrel': 100.0, 'streetcar': 100.0, 'sunflower': 100.0, 'sweet_pepper': 99.8, 'table': 100.0, 'tank': 100.0, 'telephone': 100.0, 'television': 100.0, 'tiger': 100.0, 'tractor': 100.0, 'train': 100.0, 'trout': 99.8, 'tulip': 100.0, 'turtle': 99.8, 'wardrobe': 100.0, 'whale': 99.4, 'willow_tree': 99.6, 'wolf': 99.8, 'woman': 100.0, 'worm': 99.2}","{'apple': 69.0, 'aquarium_fish': 49.0, 'baby': 36.0, 'bear': 19.0, 'beaver': 25.0, 'bed': 39.0, 'bee': 44.0, 'beetle': 40.0, 'bicycle': 50.0, 'bottle': 56.99999999999999, 'bowl': 27.0, 'boy': 18.0, 'bridge': 52.0, 'bus': 36.0, 'butterfly': 24.0, 'camel': 40.0, 'can': 42.0, 'castle': 66.0, 'caterpillar': 34.0, 'cattle': 32.0, 'chair': 73.0, 'chimpanzee': 56.00000000000001, 'clock': 36.0, 'cloud': 68.0, 'cockroach': 63.0, 'couch': 32.0, 'crab': 33.0, 'crocodile': 27.0, 'cup': 61.0, 'dinosaur': 39.0, 'dolphin': 43.0, 'elephant': 46.0, 'flatfish': 31.0, 'forest': 49.0, 'fox': 41.0, 'girl': 24.0, 'hamster': 35.0, 'house': 41.0, 'kangaroo': 31.0, 'keyboard': 56.99999999999999, 'lamp': 32.0, 'lawn_mower': 63.0, 'leopard': 45.0, 'lion': 51.0, 'lizard': 15.0, 'lobster': 23.0, 'man': 28.000000000000004, 'maple_tree': 53.0, 'motorcycle': 68.0, 'mountain': 60.0, 'mouse': 28.000000000000004, 'mushroom': 37.0, 'oak_tree': 64.0, 'orange': 72.0, 'orchid': 56.99999999999999, 'otter': 17.0, 'palm_tree': 56.99999999999999, 'pear': 59.0, 'pickup_truck': 46.0, 'pine_tree': 42.0, 'plain': 76.0, 'plate': 49.0, 'poppy': 56.99999999999999, 'porcupine': 28.000000000000004, 'possum': 18.0, 'rabbit': 26.0, 'raccoon': 35.0, 'ray': 42.0, 'road': 80.0, 'rocket': 64.0, 'rose': 45.0, 'sea': 63.0, 'seal': 16.0, 'shark': 49.0, 'shrew': 41.0, 'skunk': 68.0, 'skyscraper': 69.0, 'snail': 23.0, 'snake': 35.0, 'spider': 36.0, 'squirrel': 20.0, 'streetcar': 59.0, 'sunflower': 68.0, 'sweet_pepper': 36.0, 'table': 34.0, 'tank': 50.0, 'telephone': 43.0, 'television': 60.0, 'tiger': 40.0, 'tractor': 56.00000000000001, 'train': 37.0, 'trout': 51.0, 'tulip': 41.0, 'turtle': 24.0, 'wardrobe': 80.0, 'whale': 44.0, 'willow_tree': 48.0, 'wolf': 38.0, 'woman': 26.0, 'worm': 45.0}"
17,18,0.07800000000000296,55.64,0.004000000000004,27.939999999999998,26.554308963706717,832.479189991951,99.922,44.36,"{'apple': 100.0, 'aquarium_fish': 100.0, 'baby': 99.8, 'bear': 100.0, 'beaver': 99.6, 'bed': 100.0, 'bee': 100.0, 'beetle': 99.8, 'bicycle': 100.0, 'bottle': 100.0, 'bowl': 100.0, 'boy': 100.0, 'bridge': 100.0, 'bus': 100.0, 'butterfly': 100.0, 'camel': 100.0, 'can': 100.0, 'castle': 100.0, 'caterpillar': 100.0, 'cattle': 100.0, 'chair': 100.0, 'chimpanzee': 100.0, 'clock': 100.0, 'cloud': 99.4, 'cockroach': 99.8, 'couch': 100.0, 'crab': 99.8, 'crocodile': 100.0, 'cup': 100.0, 'dinosaur': 100.0, 'dolphin': 100.0, 'elephant': 100.0, 'flatfish': 100.0, 'forest': 100.0, 'fox': 100.0, 'girl': 99.8, 'hamster': 100.0, 'house': 100.0, 'kangaroo': 100.0, 'keyboard': 99.8, 'lamp': 100.0, 'lawn_mower': 100.0, 'leopard': 100.0, 'lion': 100.0, 'lizard': 100.0, 'lobster': 100.0, 'man': 100.0, 'maple_tree': 100.0, 'motorcycle': 100.0, 'mountain': 100.0, 'mouse': 100.0, 'mushroom': 100.0, 'oak_tree': 100.0, 'orange': 100.0, 'orchid': 100.0, 'otter': 99.4, 'palm_tree': 100.0, 'pear': 100.0, 'pickup_truck': 100.0, 'pine_tree': 100.0, 'plain': 100.0, 'plate': 100.0, 'poppy': 100.0, 'porcupine': 99.6, 'possum': 100.0, 'rabbit': 100.0, 'raccoon': 99.8, 'ray': 100.0, 'road': 100.0, 'rocket': 100.0, 'rose': 100.0, 'sea': 99.6, 'seal': 99.6, 'shark': 99.8, 'shrew': 99.8, 'skunk': 100.0, 'skyscraper': 100.0, 'snail': 100.0, 'snake': 99.0, 'spider': 99.8, 'squirrel': 99.6, 'streetcar': 100.0, 'sunflower': 100.0, 'sweet_pepper': 100.0, 'table': 100.0, 'tank': 99.8, 'telephone': 99.8, 'television': 100.0, 'tiger': 100.0, 'tractor': 100.0, 'train': 100.0, 'trout': 100.0, 'tulip': 100.0, 'turtle': 100.0, 'wardrobe': 100.0, 'whale': 99.6, 'willow_tree': 100.0, 'wolf': 100.0, 'woman': 99.8, 'worm': 99.4}","{'apple': 70.0, 'aquarium_fish': 49.0, 'baby': 36.0, 'bear': 23.0, 'beaver': 26.0, 'bed': 38.0, 'bee': 42.0, 'beetle': 44.0, 'bicycle': 53.0, 'bottle': 57.99999999999999, 'bowl': 30.0, 'boy': 18.0, 'bridge': 45.0, 'bus': 32.0, 'butterfly': 28.000000000000004, 'camel': 39.0, 'can': 48.0, 'castle': 66.0, 'caterpillar': 42.0, 'cattle': 32.0, 'chair': 73.0, 'chimpanzee': 57.99999999999999, 'clock': 32.0, 'cloud': 71.0, 'cockroach': 60.0, 'couch': 24.0, 'crab': 31.0, 'crocodile': 26.0, 'cup': 62.0, 'dinosaur': 43.0, 'dolphin': 50.0, 'elephant': 47.0, 'flatfish': 31.0, 'forest': 50.0, 'fox': 36.0, 'girl': 25.0, 'hamster': 36.0, 'house': 38.0, 'kangaroo': 28.000000000000004, 'keyboard': 56.99999999999999, 'lamp': 32.0, 'lawn_mower': 67.0, 'leopard': 44.0, 'lion': 48.0, 'lizard': 14.000000000000002, 'lobster': 24.0, 'man': 28.000000000000004, 'maple_tree': 55.00000000000001, 'motorcycle': 69.0, 'mountain': 66.0, 'mouse': 24.0, 'mushroom': 43.0, 'oak_tree': 74.0, 'orange': 74.0, 'orchid': 56.99999999999999, 'otter': 15.0, 'palm_tree': 56.00000000000001, 'pear': 49.0, 'pickup_truck': 53.0, 'pine_tree': 44.0, 'plain': 77.0, 'plate': 48.0, 'poppy': 53.0, 'porcupine': 36.0, 'possum': 19.0, 'rabbit': 22.0, 'raccoon': 36.0, 'ray': 45.0, 'road': 80.0, 'rocket': 67.0, 'rose': 52.0, 'sea': 64.0, 'seal': 13.0, 'shark': 41.0, 'shrew': 37.0, 'skunk': 69.0, 'skyscraper': 70.0, 'snail': 22.0, 'snake': 28.999999999999996, 'spider': 39.0, 'squirrel': 16.0, 'streetcar': 50.0, 'sunflower': 69.0, 'sweet_pepper': 36.0, 'table': 30.0, 'tank': 56.00000000000001, 'telephone': 44.0, 'television': 63.0, 'tiger': 44.0, 'tractor': 51.0, 'train': 41.0, 'trout': 52.0, 'tulip': 38.0, 'turtle': 22.0, 'wardrobe': 83.0, 'whale': 47.0, 'willow_tree': 41.0, 'wolf': 36.0, 'woman': 23.0, 'worm': 42.0}"
18,19,0.060000000000002274,55.95,0.0,28.21,20.626530560897663,835.4404948949814,99.94,44.05,"{'apple': 100.0, 'aquarium_fish': 100.0, 'baby': 99.8, 'bear': 100.0, 'beaver': 100.0, 'bed': 100.0, 'bee': 100.0, 'beetle': 100.0, 'bicycle': 100.0, 'bottle': 100.0, 'bowl': 100.0, 'boy': 100.0, 'bridge': 100.0, 'bus': 100.0, 'butterfly': 100.0, 'camel': 100.0, 'can': 100.0, 'castle': 99.8, 'caterpillar': 100.0, 'cattle': 100.0, 'chair': 100.0, 'chimpanzee': 99.8, 'clock': 100.0, 'cloud': 99.8, 'cockroach': 100.0, 'couch': 100.0, 'crab': 99.8, 'crocodile': 100.0, 'cup': 100.0, 'dinosaur': 100.0, 'dolphin': 100.0, 'elephant': 100.0, 'flatfish': 100.0, 'forest': 99.8, 'fox': 100.0, 'girl': 99.8, 'hamster': 100.0, 'house': 100.0, 'kangaroo': 100.0, 'keyboard': 100.0, 'lamp': 100.0, 'lawn_mower': 100.0, 'leopard': 100.0, 'lion': 99.6, 'lizard': 99.8, 'lobster': 100.0, 'man': 100.0, 'maple_tree': 100.0, 'motorcycle': 100.0, 'mountain': 99.8, 'mouse': 99.8, 'mushroom': 100.0, 'oak_tree': 100.0, 'orange': 100.0, 'orchid': 100.0, 'otter': 99.6, 'palm_tree': 100.0, 'pear': 100.0, 'pickup_truck': 100.0, 'pine_tree': 100.0, 'plain': 100.0, 'plate': 100.0, 'poppy': 100.0, 'porcupine': 100.0, 'possum': 100.0, 'rabbit': 100.0, 'raccoon': 100.0, 'ray': 100.0, 'road': 100.0, 'rocket': 100.0, 'rose': 100.0, 'sea': 99.8, 'seal': 99.4, 'shark': 99.4, 'shrew': 100.0, 'skunk': 100.0, 'skyscraper': 100.0, 'snail': 100.0, 'snake': 99.4, 'spider': 100.0, 'squirrel': 100.0, 'streetcar': 100.0, 'sunflower': 100.0, 'sweet_pepper': 100.0, 'table': 100.0, 'tank': 100.0, 'telephone': 100.0, 'television': 100.0, 'tiger': 99.8, 'tractor': 100.0, 'train': 100.0, 'trout': 100.0, 'tulip': 100.0, 'turtle': 100.0, 'wardrobe': 100.0, 'whale': 99.6, 'willow_tree': 100.0, 'wolf': 100.0, 'woman': 100.0, 'worm': 99.4}","{'apple': 71.0, 'aquarium_fish': 53.0, 'baby': 34.0, 'bear': 15.0, 'beaver': 23.0, 'bed': 43.0, 'bee': 44.0, 'beetle': 38.0, 'bicycle': 48.0, 'bottle': 61.0, 'bowl': 25.0, 'boy': 16.0, 'bridge': 49.0, 'bus': 28.999999999999996, 'butterfly': 30.0, 'camel': 36.0, 'can': 43.0, 'castle': 68.0, 'caterpillar': 36.0, 'cattle': 31.0, 'chair': 72.0, 'chimpanzee': 62.0, 'clock': 36.0, 'cloud': 69.0, 'cockroach': 67.0, 'couch': 27.0, 'crab': 34.0, 'crocodile': 32.0, 'cup': 59.0, 'dinosaur': 41.0, 'dolphin': 44.0, 'elephant': 47.0, 'flatfish': 28.999999999999996, 'forest': 52.0, 'fox': 38.0, 'girl': 26.0, 'hamster': 31.0, 'house': 34.0, 'kangaroo': 30.0, 'keyboard': 61.0, 'lamp': 34.0, 'lawn_mower': 67.0, 'leopard': 42.0, 'lion': 49.0, 'lizard': 16.0, 'lobster': 25.0, 'man': 27.0, 'maple_tree': 55.00000000000001, 'motorcycle': 69.0, 'mountain': 60.0, 'mouse': 26.0, 'mushroom': 37.0, 'oak_tree': 71.0, 'orange': 71.0, 'orchid': 62.0, 'otter': 18.0, 'palm_tree': 56.99999999999999, 'pear': 50.0, 'pickup_truck': 51.0, 'pine_tree': 42.0, 'plain': 79.0, 'plate': 47.0, 'poppy': 61.0, 'porcupine': 34.0, 'possum': 19.0, 'rabbit': 25.0, 'raccoon': 32.0, 'ray': 44.0, 'road': 77.0, 'rocket': 64.0, 'rose': 36.0, 'sea': 63.0, 'seal': 13.0, 'shark': 48.0, 'shrew': 34.0, 'skunk': 69.0, 'skyscraper': 69.0, 'snail': 24.0, 'snake': 32.0, 'spider': 37.0, 'squirrel': 18.0, 'streetcar': 54.0, 'sunflower': 70.0, 'sweet_pepper': 39.0, 'table': 28.000000000000004, 'tank': 54.0, 'telephone': 43.0, 'television': 62.0, 'tiger': 36.0, 'tractor': 56.99999999999999, 'train': 38.0, 'trout': 51.0, 'tulip': 43.0, 'turtle': 23.0, 'wardrobe': 78.0, 'whale': 41.0, 'willow_tree': 44.0, 'wolf': 35.0, 'woman': 27.0, 'worm': 44.0}"
